> Task :cleanG008LocalStaging
> Task :realm-annotations:compileJava UP-TO-DATE
> Task :realm-annotations:processResources NO-SOURCE
> Task :realm-annotations:classes UP-TO-DATE
> Task :realm-annotations:jar UP-TO-DATE
> Task :realm-annotations:javadoc UP-TO-DATE
> Task :realm-annotations:javadocJar UP-TO-DATE
> Task :realm-annotations:sourcesJar UP-TO-DATE
> Task :realm-annotations:generateMetadataFileForRealmPublication SKIPPED
> Task :realm-annotations:generatePomFileForRealmPublication
> Task :realm-annotations:publishRealmPublicationToG008LocalStagingRepository
> Task :realm-annotations:publish
> Task :g008PublishAnnotations
> Task :realm-transformer:checkKotlinGradlePluginConfigurationErrors SKIPPED
> Task :realm-transformer:generateVersionClass
> Task :realm-transformer:compileKotlin UP-TO-DATE
> Task :realm-transformer:compileJava UP-TO-DATE
> Task :realm-transformer:processResources NO-SOURCE
> Task :realm-transformer:classes UP-TO-DATE
> Task :realm-transformer:jar UP-TO-DATE
> Task :realm-transformer:javadoc UP-TO-DATE
> Task :realm-transformer:javadocJar UP-TO-DATE
> Task :realm-transformer:sourcesJar UP-TO-DATE
> Task :realm-transformer:generateMetadataFileForRealmPublication SKIPPED
> Task :realm-transformer:generatePomFileForRealmPublication
> Task :realm-transformer:publishRealmPublicationToG008LocalStagingRepository
> Task :realm-transformer:publish
> Task :g008PublishTransformer
> Task :library-build-transformer:checkKotlinGradlePluginConfigurationErrors SKIPPED
> Task :library-build-transformer:compileKotlin UP-TO-DATE
> Task :library-build-transformer:compileJava NO-SOURCE
> Task :library-build-transformer:processResources NO-SOURCE
> Task :library-build-transformer:classes UP-TO-DATE
> Task :library-build-transformer:jar UP-TO-DATE
> Task :library-build-transformer:generateMetadataFileForRealmPublication
> Task :library-build-transformer:generatePomFileForRealmPublication
> Task :library-build-transformer:publishRealmPublicationToMavenLocal
> Task :library-build-transformer:publishToMavenLocal
> Task :installBuildTransformer

> Configure project :realm:kotlin-extensions
WARNING: The option setting 'android.experimental.androidTest.useUnifiedTestPlatform=false' is deprecated.
The current default is 'true'.
It will be removed in version 9.0 of the Android Gradle plugin.
WARNING: The option setting 'android.enableJetifier=true' is deprecated.
The current default is 'false'.
It will be removed in version 10.0 of the Android Gradle plugin.

> Task :realm:kotlin-extensions:preBuild UP-TO-DATE
> Task :realm:kotlin-extensions:preBaseReleaseBuild UP-TO-DATE
> Task :realm:realm-library:preBuild UP-TO-DATE
> Task :realm:realm-library:stageBaseReleaseJniHeaderSnapshot
> Task :realm:realm-library:preBaseReleaseBuild
> Task :realm:realm-library:writeBaseReleaseAarMetadata
> Task :realm:kotlin-extensions:mergeBaseReleaseJniLibFolders
> Task :realm:kotlin-extensions:mergeBaseReleaseNativeLibs NO-SOURCE
> Task :realm:kotlin-extensions:stripBaseReleaseDebugSymbols NO-SOURCE
> Task :realm:kotlin-extensions:checkBaseReleaseAarMetadata
> Task :realm:kotlin-extensions:copyBaseReleaseJniLibsProjectAndLocalJars
> Task :realm:kotlin-extensions:generateBaseReleaseResources
> Task :realm:kotlin-extensions:packageBaseReleaseResources
> Task :realm:kotlin-extensions:processBaseReleaseNavigationResources
> Task :realm:realm-annotations-processor:checkKotlinGradlePluginConfigurationErrors SKIPPED
> Task :realm:kotlin-extensions:parseBaseReleaseLocalResources
> Task :realm:realm-annotations-processor:generateVersionClass
> Task :realm:kotlin-extensions:generateBaseReleaseRFile
> Task :realm:realm-annotations-processor:processResources
> Task :realm:realm-library:cleanBaseReleaseJniHeaderValidation UP-TO-DATE
> Task :realm:realm-library:generateBaseReleaseBuildConfig
> Task :realm:realm-library:generateBaseReleaseResources FROM-CACHE
> Task :realm:realm-library:packageBaseReleaseResources
> Task :realm:realm-library:processBaseReleaseNavigationResources FROM-CACHE
> Task :realm:realm-library:parseBaseReleaseLocalResources FROM-CACHE
> Task :realm:kotlin-extensions:extractDeepLinksForAarBaseRelease
> Task :realm:kotlin-extensions:generateBaseReleaseAssets UP-TO-DATE
> Task :realm:realm-library:generateBaseReleaseRFile
> Task :realm:kotlin-extensions:mergeBaseReleaseAssets
> Task :g008PublishRealm

> Task :realm:realm-annotations-processor:compileKotlin
w: ATTENTION!
This build uses unsafe internal compiler arguments:

-XXLanguage:+InlineClasses

This mode is not recommended for production use,
as no stability/compatibility guarantees are given on
compiler or generated code. Use it at your own risk!

w: file:///mnt/d/workspace/jiran/realm/.omx/team/g008-six-artifact-pub-6fc3cb75/worktrees/worker-1/realm/realm-annotations-processor/src/main/java/io/realm/processor/RealmProcessor.kt:116:1 'inline' modifier is deprecated. Use 'value' instead.
w: file:///mnt/d/workspace/jiran/realm/.omx/team/g008-six-artifact-pub-6fc3cb75/worktrees/worker-1/realm/realm-annotations-processor/src/main/java/io/realm/processor/RealmProcessor.kt:126:1 'inline' modifier is deprecated. Use 'value' instead.
w: file:///mnt/d/workspace/jiran/realm/.omx/team/g008-six-artifact-pub-6fc3cb75/worktrees/worker-1/realm/realm-annotations-processor/src/main/java/io/realm/processor/Utils.kt:572:13 'when' is exhaustive so 'else' is redundant here.
w: file:///mnt/d/workspace/jiran/realm/.omx/team/g008-six-artifact-pub-6fc3cb75/worktrees/worker-1/realm/realm-annotations-processor/src/main/java/io/realm/processor/nameconverter/WordTokenizer.kt:74:41 'fun toInt(): Int' is deprecated. Conversion of Char to Number is deprecated. Use Char.code property instead.
w: file:///mnt/d/workspace/jiran/realm/.omx/team/g008-six-artifact-pub-6fc3cb75/worktrees/worker-1/realm/realm-annotations-processor/src/main/java/io/realm/processor/nameconverter/WordTokenizer.kt:74:76 'fun toInt(): Int' is deprecated. Conversion of Char to Number is deprecated. Use Char.code property instead.

> Task :realm:realm-annotations-processor:compileJava
> Task :realm:realm-annotations-processor:classes
> Task :realm:realm-annotations-processor:jar
> Task :realm:realm-library:javaPreCompileBaseRelease
> Task :realm:kotlin-extensions:javaPreCompileBaseRelease
> Task :realm:kotlin-extensions:prepareBaseReleaseArtProfile
> Task :realm:kotlin-extensions:prepareLintJarForPublish
> Task :realm:kotlin-extensions:writeBaseReleaseAarMetadata
> Task :realm:kotlin-extensions:generatePomFileForRealmPublication

> Task :realm:kotlin-extensions:processBaseReleaseManifest
package="io.realm.kotlin" found in source AndroidManifest.xml: /mnt/d/workspace/jiran/realm/.omx/team/g008-six-artifact-pub-6fc3cb75/worktrees/worker-1/realm/kotlin-extensions/src/main/AndroidManifest.xml.
Setting the namespace via the package attribute in the source AndroidManifest.xml is no longer supported, and the value is ignored.
Recommendation: remove package="io.realm.kotlin" from the source AndroidManifest.xml: /mnt/d/workspace/jiran/realm/.omx/team/g008-six-artifact-pub-6fc3cb75/worktrees/worker-1/realm/kotlin-extensions/src/main/AndroidManifest.xml.

> Task :realm:kotlin-extensions:dokkaHtml
Initializing plugins
Dokka is performing: documentation for kotlin-extensions
Validity check
Creating documentation models
Exiting Generation: Nothing to document


> Task :realm:realm-library:kaptGenerateStubsBaseReleaseKotlin
> Task :realm:kotlin-extensions:javadocJar
> Task :realm:kotlin-extensions:sourcesJar
> Task :realm:realm-annotations-processor:javadoc
> Task :realm:realm-annotations-processor:javadocJar
> Task :realm:realm-annotations-processor:sourcesJar
> Task :realm:realm-annotations-processor:generateMetadataFileForRealmPublication SKIPPED
> Task :realm:realm-annotations-processor:generatePomFileForRealmPublication
> Task :realm:realm-annotations-processor:publishRealmPublicationToG008LocalStagingRepository
> Task :realm:realm-annotations-processor:publish
> Task :realm:realm-library:generatePomFileForBasePublicationPublication

> Task :realm:realm-library:javadoc
/mnt/d/workspace/jiran/realm/.omx/team/g008-six-artifact-pub-6fc3cb75/worktrees/worker-1/realm/realm-library/src/main/java/io/realm/BaseRealm.java:29: error: package javax.annotation does not exist
import javax.annotation.Nullable;
                       ^
/mnt/d/workspace/jiran/realm/.omx/team/g008-six-artifact-pub-6fc3cb75/worktrees/worker-1/realm/realm-library/src/main/java/io/realm/BaseRealm.java:31: error: package io.reactivex does not exist
import io.reactivex.Flowable;
                   ^
/mnt/d/workspace/jiran/realm/.omx/team/g008-six-artifact-pub-6fc3cb75/worktrees/worker-1/realm/realm-library/src/main/java/io/realm/BaseRealm.java:35: error: package io.realm.internal does not exist
import io.realm.internal.CheckedRow;
                        ^
/mnt/d/workspace/jiran/realm/.omx/team/g008-six-artifact-pub-6fc3cb75/worktrees/worker-1/realm/realm-library/src/main/java/io/realm/BaseRealm.java:36: error: package io.realm.internal does not exist
import io.realm.internal.ColumnInfo;
                        ^
/mnt/d/workspace/jiran/realm/.omx/team/g008-six-artifact-pub-6fc3cb75/worktrees/worker-1/realm/realm-library/src/main/java/io/realm/BaseRealm.java:37: error: package io.realm.internal does not exist
import io.realm.internal.InvalidRow;
                        ^
/mnt/d/workspace/jiran/realm/.omx/team/g008-six-artifact-pub-6fc3cb75/worktrees/worker-1/realm/realm-library/src/main/java/io/realm/BaseRealm.java:38: error: package io.realm.internal does not exist
import io.realm.internal.OsObjectStore;
                        ^
/mnt/d/workspace/jiran/realm/.omx/team/g008-six-artifact-pub-6fc3cb75/worktrees/worker-1/realm/realm-library/src/main/java/io/realm/BaseRealm.java:39: error: package io.realm.internal does not exist
import io.realm.internal.OsRealmConfig;
                        ^
/mnt/d/workspace/jiran/realm/.omx/team/g008-six-artifact-pub-6fc3cb75/worktrees/worker-1/realm/realm-library/src/main/java/io/realm/BaseRealm.java:40: error: package io.realm.internal does not exist
import io.realm.internal.OsSchemaInfo;
                        ^
/mnt/d/workspace/jiran/realm/.omx/team/g008-six-artifact-pub-6fc3cb75/worktrees/worker-1/realm/realm-library/src/main/java/io/realm/BaseRealm.java:41: error: package io.realm.internal does not exist
import io.realm.internal.OsSharedRealm;
                        ^
/mnt/d/workspace/jiran/realm/.omx/team/g008-six-artifact-pub-6fc3cb75/worktrees/worker-1/realm/realm-library/src/main/java/io/realm/BaseRealm.java:42: error: package io.realm.internal does not exist
import io.realm.internal.RealmObjectProxy;
                        ^
/mnt/d/workspace/jiran/realm/.omx/team/g008-six-artifact-pub-6fc3cb75/worktrees/worker-1/realm/realm-library/src/main/java/io/realm/BaseRealm.java:43: error: package io.realm.internal does not exist
import io.realm.internal.RealmProxyMediator;
                        ^
/mnt/d/workspace/jiran/realm/.omx/team/g008-six-artifact-pub-6fc3cb75/worktrees/worker-1/realm/realm-library/src/main/java/io/realm/BaseRealm.java:44: error: package io.realm.internal does not exist
import io.realm.internal.Row;
                        ^
/mnt/d/workspace/jiran/realm/.omx/team/g008-six-artifact-pub-6fc3cb75/worktrees/worker-1/realm/realm-library/src/main/java/io/realm/BaseRealm.java:45: error: package io.realm.internal does not exist
import io.realm.internal.Table;
                        ^
/mnt/d/workspace/jiran/realm/.omx/team/g008-six-artifact-pub-6fc3cb75/worktrees/worker-1/realm/realm-library/src/main/java/io/realm/BaseRealm.java:46: error: package io.realm.internal does not exist
import io.realm.internal.UncheckedRow;
                        ^
/mnt/d/workspace/jiran/realm/.omx/team/g008-six-artifact-pub-6fc3cb75/worktrees/worker-1/realm/realm-library/src/main/java/io/realm/BaseRealm.java:47: error: package io.realm.internal does not exist
import io.realm.internal.Util;
                        ^
/mnt/d/workspace/jiran/realm/.omx/team/g008-six-artifact-pub-6fc3cb75/worktrees/worker-1/realm/realm-library/src/main/java/io/realm/BaseRealm.java:48: error: package io.realm.internal.annotations does not exist
import io.realm.internal.annotations.ObjectServer;
                                    ^
/mnt/d/workspace/jiran/realm/.omx/team/g008-six-artifact-pub-6fc3cb75/worktrees/worker-1/realm/realm-library/src/main/java/io/realm/BaseRealm.java:49: error: package io.realm.internal.async does not exist
import io.realm.internal.async.RealmThreadPoolExecutor;
                              ^
/mnt/d/workspace/jiran/realm/.omx/team/g008-six-artifact-pub-6fc3cb75/worktrees/worker-1/realm/realm-library/src/main/java/io/realm/BaseRealm.java:78: error: cannot find symbol
    static final RealmThreadPoolExecutor asyncTaskExecutor = RealmThreadPoolExecutor.newDefaultExecutor();
                 ^
  symbol:   class RealmThreadPoolExecutor
  location: class BaseRealm
/mnt/d/workspace/jiran/realm/.omx/team/g008-six-artifact-pub-6fc3cb75/worktrees/worker-1/realm/realm-library/src/main/java/io/realm/BaseRealm.java:84: error: cannot find symbol
    public static final RealmThreadPoolExecutor WRITE_EXECUTOR = RealmThreadPoolExecutor.newSingleThreadExecutor();
                        ^
  symbol:   class RealmThreadPoolExecutor
  location: class BaseRealm
/mnt/d/workspace/jiran/realm/.omx/team/g008-six-artifact-pub-6fc3cb75/worktrees/worker-1/realm/realm-library/src/main/java/io/realm/RealmConfiguration.java:30: error: package javax.annotation does not exist
import javax.annotation.Nonnull;
                       ^
/mnt/d/workspace/jiran/realm/.omx/team/g008-six-artifact-pub-6fc3cb75/worktrees/worker-1/realm/realm-library/src/main/java/io/realm/RealmConfiguration.java:31: error: package javax.annotation does not exist
import javax.annotation.Nullable;
                       ^
/mnt/d/workspace/jiran/realm/.omx/team/g008-six-artifact-pub-6fc3cb75/worktrees/worker-1/realm/realm-library/src/main/java/io/realm/RealmConfiguration.java:37: error: package io.realm.internal does not exist
import io.realm.internal.OsRealmConfig;
                        ^
/mnt/d/workspace/jiran/realm/.omx/team/g008-six-artifact-pub-6fc3cb75/worktrees/worker-1/realm/realm-library/src/main/java/io/realm/RealmConfiguration.java:38: error: package io.realm.internal does not exist
import io.realm.internal.OsSharedRealm;
                        ^
/mnt/d/workspace/jiran/realm/.omx/team/g008-six-artifact-pub-6fc3cb75/worktrees/worker-1/realm/realm-library/src/main/java/io/realm/RealmConfiguration.java:39: error: package io.realm.internal does not exist
import io.realm.internal.RealmCore;
                        ^
/mnt/d/workspace/jiran/realm/.omx/team/g008-six-artifact-pub-6fc3cb75/worktrees/worker-1/realm/realm-library/src/main/java/io/realm/RealmConfiguration.java:40: error: package io.realm.internal does not exist
import io.realm.internal.RealmProxyMediator;
                        ^
/mnt/d/workspace/jiran/realm/.omx/team/g008-six-artifact-pub-6fc3cb75/worktrees/worker-1/realm/realm-library/src/main/java/io/realm/RealmConfiguration.java:41: error: package io.realm.internal does not exist
import io.realm.internal.Util;
                        ^
/mnt/d/workspace/jiran/realm/.omx/team/g008-six-artifact-pub-6fc3cb75/worktrees/worker-1/realm/realm-library/src/main/java/io/realm/RealmConfiguration.java:42: error: package io.realm.internal.modules does not exist
import io.realm.internal.modules.CompositeMediator;
                                ^
/mnt/d/workspace/jiran/realm/.omx/team/g008-six-artifact-pub-6fc3cb75/worktrees/worker-1/realm/realm-library/src/main/java/io/realm/RealmConfiguration.java:43: error: package io.realm.internal.modules does not exist
import io.realm.internal.modules.FilterableMediator;
                                ^
/mnt/d/workspace/jiran/realm/.omx/team/g008-six-artifact-pub-6fc3cb75/worktrees/worker-1/realm/realm-library/src/main/java/io/realm/RealmCache.java:40: error: package io.realm.internal does not exist
import io.realm.internal.Capabilities;
                        ^
/mnt/d/workspace/jiran/realm/.omx/team/g008-six-artifact-pub-6fc3cb75/worktrees/worker-1/realm/realm-library/src/main/java/io/realm/RealmCache.java:41: error: package io.realm.internal does not exist
import io.realm.internal.ObjectServerFacade;
                        ^
/mnt/d/workspace/jiran/realm/.omx/team/g008-six-artifact-pub-6fc3cb75/worktrees/worker-1/realm/realm-library/src/main/java/io/realm/RealmCache.java:42: error: package io.realm.internal does not exist
import io.realm.internal.OsObjectStore;
                        ^
/mnt/d/workspace/jiran/realm/.omx/team/g008-six-artifact-pub-6fc3cb75/worktrees/worker-1/realm/realm-library/src/main/java/io/realm/RealmCache.java:43: error: package io.realm.internal does not exist
import io.realm.internal.OsRealmConfig;
                        ^
/mnt/d/workspace/jiran/realm/.omx/team/g008-six-artifact-pub-6fc3cb75/worktrees/worker-1/realm/realm-library/src/main/java/io/realm/RealmCache.java:44: error: package io.realm.internal does not exist
import io.realm.internal.OsSharedRealm;
                        ^
/mnt/d/workspace/jiran/realm/.omx/team/g008-six-artifact-pub-6fc3cb75/worktrees/worker-1/realm/realm-library/src/main/java/io/realm/RealmCache.java:45: error: package io.realm.internal does not exist
import io.realm.internal.RealmNotifier;
                        ^
/mnt/d/workspace/jiran/realm/.omx/team/g008-six-artifact-pub-6fc3cb75/worktrees/worker-1/realm/realm-library/src/main/java/io/realm/RealmCache.java:46: error: package io.realm.internal does not exist
import io.realm.internal.Util;
                        ^
/mnt/d/workspace/jiran/realm/.omx/team/g008-six-artifact-pub-6fc3cb75/worktrees/worker-1/realm/realm-library/src/main/java/io/realm/RealmCache.java:47: error: package io.realm.internal.android does not exist
import io.realm.internal.android.AndroidCapabilities;
                                ^
/mnt/d/workspace/jiran/realm/.omx/team/g008-six-artifact-pub-6fc3cb75/worktrees/worker-1/realm/realm-library/src/main/java/io/realm/RealmCache.java:48: error: package io.realm.internal.android does not exist
import io.realm.internal.android.AndroidRealmNotifier;
                                ^
/mnt/d/workspace/jiran/realm/.omx/team/g008-six-artifact-pub-6fc3cb75/worktrees/worker-1/realm/realm-library/src/main/java/io/realm/RealmCache.java:49: error: package io.realm.internal.async does not exist
import io.realm.internal.async.RealmAsyncTaskImpl;
                              ^
/mnt/d/workspace/jiran/realm/.omx/team/g008-six-artifact-pub-6fc3cb75/worktrees/worker-1/realm/realm-library/src/main/java/io/realm/RealmCache.java:50: error: package io.realm.internal.util does not exist
import io.realm.internal.util.Pair;
                             ^
/mnt/d/workspace/jiran/realm/.omx/team/g008-six-artifact-pub-6fc3cb75/worktrees/worker-1/realm/realm-library/src/main/java/io/realm/BaseRealm.java:92: error: cannot find symbol
    public OsSharedRealm sharedRealm;
           ^
  symbol:   class OsSharedRealm
  location: class BaseRealm
/mnt/d/workspace/jiran/realm/.omx/team/g008-six-artifact-pub-6fc3cb75/worktrees/worker-1/realm/realm-library/src/main/java/io/realm/BaseRealm.java:94: error: package OsSharedRealm does not exist
    private OsSharedRealm.SchemaChangedCallback schemaChangedCallback = new OsSharedRealm.SchemaChangedCallback() {
                         ^
/mnt/d/workspace/jiran/realm/.omx/team/g008-six-artifact-pub-6fc3cb75/worktrees/worker-1/realm/realm-library/src/main/java/io/realm/BaseRealm.java:108: error: cannot find symbol
    BaseRealm(RealmCache cache, @Nullable OsSchemaInfo schemaInfo, OsSharedRealm.VersionID version) {
                                          ^
  symbol:   class OsSchemaInfo
  location: class BaseRealm
/mnt/d/workspace/jiran/realm/.omx/team/g008-six-artifact-pub-6fc3cb75/worktrees/worker-1/realm/realm-library/src/main/java/io/realm/BaseRealm.java:108: error: package OsSharedRealm does not exist
    BaseRealm(RealmCache cache, @Nullable OsSchemaInfo schemaInfo, OsSharedRealm.VersionID version) {
                                                                                ^
/mnt/d/workspace/jiran/realm/.omx/team/g008-six-artifact-pub-6fc3cb75/worktrees/worker-1/realm/realm-library/src/main/java/io/realm/BaseRealm.java:114: error: cannot find symbol
    BaseRealm(final RealmConfiguration configuration, @Nullable OsSchemaInfo schemaInfo, OsSharedRealm.VersionID version) {
                                                                ^
  symbol:   class OsSchemaInfo
  location: class BaseRealm
/mnt/d/workspace/jiran/realm/.omx/team/g008-six-artifact-pub-6fc3cb75/worktrees/worker-1/realm/realm-library/src/main/java/io/realm/BaseRealm.java:114: error: package OsSharedRealm does not exist
    BaseRealm(final RealmConfiguration configuration, @Nullable OsSchemaInfo schemaInfo, OsSharedRealm.VersionID version) {
                                                                                                      ^
/mnt/d/workspace/jiran/realm/.omx/team/g008-six-artifact-pub-6fc3cb75/worktrees/worker-1/realm/realm-library/src/main/java/io/realm/BaseRealm.java:150: error: cannot find symbol
    BaseRealm(OsSharedRealm sharedRealm) {
              ^
  symbol:   class OsSharedRealm
  location: class BaseRealm
/mnt/d/workspace/jiran/realm/.omx/team/g008-six-artifact-pub-6fc3cb75/worktrees/worker-1/realm/realm-library/src/main/java/io/realm/BaseRealm.java:287: error: cannot find symbol
    public abstract Flowable asFlowable();
                    ^
  symbol:   class Flowable
  location: class BaseRealm
/mnt/d/workspace/jiran/realm/.omx/team/g008-six-artifact-pub-6fc3cb75/worktrees/worker-1/realm/realm-library/src/main/java/io/realm/BaseRealm.java:585: error: cannot find symbol
                             final RealmObjectProxy parentProxy,
                                   ^
  symbol:   class RealmObjectProxy
  location: class BaseRealm
/mnt/d/workspace/jiran/realm/.omx/team/g008-six-artifact-pub-6fc3cb75/worktrees/worker-1/realm/realm-library/src/main/java/io/realm/RealmSchema.java:23: error: package javax.annotation does not exist
import javax.annotation.Nullable;
                       ^
/mnt/d/workspace/jiran/realm/.omx/team/g008-six-artifact-pub-6fc3cb75/worktrees/worker-1/realm/realm-library/src/main/java/io/realm/RealmSchema.java:25: error: package io.realm.internal does not exist
import io.realm.internal.ColumnIndices;
                        ^
/mnt/d/workspace/jiran/realm/.omx/team/g008-six-artifact-pub-6fc3cb75/worktrees/worker-1/realm/realm-library/src/main/java/io/realm/RealmSchema.java:26: error: package io.realm.internal does not exist
import io.realm.internal.ColumnInfo;
                        ^
/mnt/d/workspace/jiran/realm/.omx/team/g008-six-artifact-pub-6fc3cb75/worktrees/worker-1/realm/realm-library/src/main/java/io/realm/RealmSchema.java:27: error: package io.realm.internal does not exist
import io.realm.internal.Table;
                        ^
/mnt/d/workspace/jiran/realm/.omx/team/g008-six-artifact-pub-6fc3cb75/worktrees/worker-1/realm/realm-library/src/main/java/io/realm/RealmSchema.java:28: error: package io.realm.internal does not exist
import io.realm.internal.Util;
                        ^
/mnt/d/workspace/jiran/realm/.omx/team/g008-six-artifact-pub-6fc3cb75/worktrees/worker-1/realm/realm-library/src/main/java/io/realm/RealmSchema.java:29: error: package io.realm.internal.objectstore does not exist
import io.realm.internal.objectstore.OsKeyPathMapping;
                                    ^
/mnt/d/workspace/jiran/realm/.omx/team/g008-six-artifact-pub-6fc3cb75/worktrees/worker-1/realm/realm-library/src/main/java/io/realm/RealmObjectSchema.java:19: error: package org.bson.types does not exist
import org.bson.types.Decimal128;
                     ^
/mnt/d/workspace/jiran/realm/.omx/team/g008-six-artifact-pub-6fc3cb75/worktrees/worker-1/realm/realm-library/src/main/java/io/realm/RealmObjectSchema.java:20: error: package org.bson.types does not exist
import org.bson.types.ObjectId;
                     ^
/mnt/d/workspace/jiran/realm/.omx/team/g008-six-artifact-pub-6fc3cb75/worktrees/worker-1/realm/realm-library/src/main/java/io/realm/RealmObjectSchema.java:31: error: package javax.annotation does not exist
import javax.annotation.Nullable;
                       ^
/mnt/d/workspace/jiran/realm/.omx/team/g008-six-artifact-pub-6fc3cb75/worktrees/worker-1/realm/realm-library/src/main/java/io/realm/RealmObjectSchema.java:35: error: package io.realm.internal does not exist
import io.realm.internal.ColumnInfo;
                        ^
/mnt/d/workspace/jiran/realm/.omx/team/g008-six-artifact-pub-6fc3cb75/worktrees/worker-1/realm/realm-library/src/main/java/io/realm/RealmObjectSchema.java:36: error: package io.realm.internal does not exist
import io.realm.internal.OsObjectStore;
                        ^
/mnt/d/workspace/jiran/realm/.omx/team/g008-six-artifact-pub-6fc3cb75/worktrees/worker-1/realm/realm-library/src/main/java/io/realm/RealmObjectSchema.java:37: error: package io.realm.internal does not exist
import io.realm.internal.Table;
                        ^
/mnt/d/workspace/jiran/realm/.omx/team/g008-six-artifact-pub-6fc3cb75/worktrees/worker-1/realm/realm-library/src/main/java/io/realm/BaseRealm.java:584: error: cannot find symbol
    Row getEmbeddedObjectRow(final String className,
    ^
  symbol:   class Row
  location: class BaseRealm
/mnt/d/workspace/jiran/realm/.omx/team/g008-six-artifact-pub-6fc3cb75/worktrees/worker-1/realm/realm-library/src/main/java/io/realm/mongodb/sync/SubscriptionSet.java:5: error: package javax.annotation does not exist
import javax.annotation.Nullable;
                       ^
/mnt/d/workspace/jiran/realm/.omx/team/g008-six-artifact-pub-6fc3cb75/worktrees/worker-1/realm/realm-library/src/main/java/io/realm/mongodb/sync/SubscriptionSet.java:11: error: package io.realm.internal does not exist
import io.realm.internal.Keep;
                        ^
/mnt/d/workspace/jiran/realm/.omx/team/g008-six-artifact-pub-6fc3cb75/worktrees/worker-1/realm/realm-library/src/main/java/io/realm/mongodb/sync/SubscriptionSet.java:12: error: package io.realm.internal.annotations does not exist
import io.realm.internal.annotations.ObjectServer;
                                    ^
/mnt/d/workspace/jiran/realm/.omx/team/g008-six-artifact-pub-6fc3cb75/worktrees/worker-1/realm/realm-library/src/main/java/io/realm/mongodb/sync/SubscriptionSet.java:13: error: package io.realm.internal.objectstore does not exist
import io.realm.internal.objectstore.OsSubscriptionSet;
                                    ^
/mnt/d/workspace/jiran/realm/.omx/team/g008-six-artifact-pub-6fc3cb75/worktrees/worker-1/realm/realm-library/src/main/java/io/realm/mongodb/sync/SubscriptionSet.java:38: error: cannot find symbol
@Keep
 ^
  symbol: class Keep
/mnt/d/workspace/jiran/realm/.omx/team/g008-six-artifact-pub-6fc3cb75/worktrees/worker-1/realm/realm-library/src/main/java/io/realm/mongodb/sync/SubscriptionSet.java:39: error: cannot find symbol
@ObjectServer
 ^
  symbol: class ObjectServer
/mnt/d/workspace/jiran/realm/.omx/team/g008-six-artifact-pub-6fc3cb75/worktrees/worker-1/realm/realm-library/src/main/java/io/realm/mongodb/sync/Subscription.java:5: error: package javax.annotation does not exist
import javax.annotation.Nullable;
                       ^
/mnt/d/workspace/jiran/realm/.omx/team/g008-six-artifact-pub-6fc3cb75/worktrees/worker-1/realm/realm-library/src/main/java/io/realm/mongodb/sync/Subscription.java:9: error: package io.realm.internal does not exist
import io.realm.internal.Util;
                        ^
/mnt/d/workspace/jiran/realm/.omx/team/g008-six-artifact-pub-6fc3cb75/worktrees/worker-1/realm/realm-library/src/main/java/io/realm/mongodb/sync/Subscription.java:10: error: package io.realm.internal.annotations does not exist
import io.realm.internal.annotations.ObjectServer;
                                    ^
/mnt/d/workspace/jiran/realm/.omx/team/g008-six-artifact-pub-6fc3cb75/worktrees/worker-1/realm/realm-library/src/main/java/io/realm/mongodb/sync/Subscription.java:11: error: package io.realm.internal does not exist
import io.realm.internal.UnmanagedSubscription;
                        ^
/mnt/d/workspace/jiran/realm/.omx/team/g008-six-artifact-pub-6fc3cb75/worktrees/worker-1/realm/realm-library/src/main/java/io/realm/mongodb/sync/Subscription.java:21: error: cannot find symbol
@ObjectServer
 ^
  symbol: class ObjectServer
/mnt/d/workspace/jiran/realm/.omx/team/g008-six-artifact-pub-6fc3cb75/worktrees/worker-1/realm/realm-library/src/main/java/io/realm/BaseRealm.java:726: error: cannot find symbol
    <E extends RealmModel> E get(@Nullable Class<E> clazz, @Nullable String dynamicClassName, UncheckedRow row) {
                                                                                              ^
  symbol:   class UncheckedRow
  location: class BaseRealm
/mnt/d/workspace/jiran/realm/.omx/team/g008-six-artifact-pub-6fc3cb75/worktrees/worker-1/realm/realm-library/src/main/java/io/realm/BaseRealm.java:888: error: package OsSharedRealm does not exist
    private static OsSharedRealm.MigrationCallback createMigrationCallback(final RealmMigration migration) {
                                ^
/mnt/d/workspace/jiran/realm/.omx/team/g008-six-artifact-pub-6fc3cb75/worktrees/worker-1/realm/realm-library/src/main/java/io/realm/BaseRealm.java:911: error: cannot find symbol
    OsSharedRealm getSharedRealm() {
    ^
  symbol:   class OsSharedRealm
  location: class BaseRealm
/mnt/d/workspace/jiran/realm/.omx/team/g008-six-artifact-pub-6fc3cb75/worktrees/worker-1/realm/realm-library/src/main/java/io/realm/BaseRealm.java:917: error: cannot find symbol
        private Row row;
                ^
  symbol:   class Row
  location: class RealmObjectContext
/mnt/d/workspace/jiran/realm/.omx/team/g008-six-artifact-pub-6fc3cb75/worktrees/worker-1/realm/realm-library/src/main/java/io/realm/BaseRealm.java:918: error: cannot find symbol
        private ColumnInfo columnInfo;
                ^
  symbol:   class ColumnInfo
  location: class RealmObjectContext
/mnt/d/workspace/jiran/realm/.omx/team/g008-six-artifact-pub-6fc3cb75/worktrees/worker-1/realm/realm-library/src/main/java/io/realm/BaseRealm.java:922: error: cannot find symbol
        public void set(BaseRealm realm, Row row, ColumnInfo columnInfo,
                                         ^
  symbol:   class Row
  location: class RealmObjectContext
/mnt/d/workspace/jiran/realm/.omx/team/g008-six-artifact-pub-6fc3cb75/worktrees/worker-1/realm/realm-library/src/main/java/io/realm/BaseRealm.java:922: error: cannot find symbol
        public void set(BaseRealm realm, Row row, ColumnInfo columnInfo,
                                                  ^
  symbol:   class ColumnInfo
  location: class RealmObjectContext
/mnt/d/workspace/jiran/realm/.omx/team/g008-six-artifact-pub-6fc3cb75/worktrees/worker-1/realm/realm-library/src/main/java/io/realm/BaseRealm.java:935: error: cannot find symbol
        public Row getRow() {
               ^
  symbol:   class Row
  location: class RealmObjectContext
/mnt/d/workspace/jiran/realm/.omx/team/g008-six-artifact-pub-6fc3cb75/worktrees/worker-1/realm/realm-library/src/main/java/io/realm/BaseRealm.java:939: error: cannot find symbol
        public ColumnInfo getColumnInfo() {
               ^
  symbol:   class ColumnInfo
  location: class RealmObjectContext
/mnt/d/workspace/jiran/realm/.omx/team/g008-six-artifact-pub-6fc3cb75/worktrees/worker-1/realm/realm-library/src/main/java/io/realm/DynamicRealm.java:22: error: package javax.annotation does not exist
import javax.annotation.Nullable;
                       ^
/mnt/d/workspace/jiran/realm/.omx/team/g008-six-artifact-pub-6fc3cb75/worktrees/worker-1/realm/realm-library/src/main/java/io/realm/DynamicRealm.java:24: error: package io.reactivex does not exist
import io.reactivex.Flowable;
                   ^
/mnt/d/workspace/jiran/realm/.omx/team/g008-six-artifact-pub-6fc3cb75/worktrees/worker-1/realm/realm-library/src/main/java/io/realm/DynamicRealm.java:28: error: package io.realm.internal does not exist
import io.realm.internal.CheckedRow;
                        ^
/mnt/d/workspace/jiran/realm/.omx/team/g008-six-artifact-pub-6fc3cb75/worktrees/worker-1/realm/realm-library/src/main/java/io/realm/DynamicRealm.java:29: error: package io.realm.internal does not exist
import io.realm.internal.OsObject;
                        ^
/mnt/d/workspace/jiran/realm/.omx/team/g008-six-artifact-pub-6fc3cb75/worktrees/worker-1/realm/realm-library/src/main/java/io/realm/DynamicRealm.java:30: error: package io.realm.internal does not exist
import io.realm.internal.OsObjectStore;
                        ^
/mnt/d/workspace/jiran/realm/.omx/team/g008-six-artifact-pub-6fc3cb75/worktrees/worker-1/realm/realm-library/src/main/java/io/realm/DynamicRealm.java:31: error: package io.realm.internal does not exist
import io.realm.internal.OsSharedRealm;
                        ^
/mnt/d/workspace/jiran/realm/.omx/team/g008-six-artifact-pub-6fc3cb75/worktrees/worker-1/realm/realm-library/src/main/java/io/realm/DynamicRealm.java:32: error: package io.realm.internal does not exist
import io.realm.internal.RealmNotifier;
                        ^
/mnt/d/workspace/jiran/realm/.omx/team/g008-six-artifact-pub-6fc3cb75/worktrees/worker-1/realm/realm-library/src/main/java/io/realm/DynamicRealm.java:33: error: package io.realm.internal does not exist
import io.realm.internal.RealmObjectProxy;
                        ^
/mnt/d/workspace/jiran/realm/.omx/team/g008-six-artifact-pub-6fc3cb75/worktrees/worker-1/realm/realm-library/src/main/java/io/realm/DynamicRealm.java:34: error: package io.realm.internal does not exist
import io.realm.internal.Row;
                        ^
/mnt/d/workspace/jiran/realm/.omx/team/g008-six-artifact-pub-6fc3cb75/worktrees/worker-1/realm/realm-library/src/main/java/io/realm/DynamicRealm.java:35: error: package io.realm.internal does not exist
import io.realm.internal.Table;
                        ^
/mnt/d/workspace/jiran/realm/.omx/team/g008-six-artifact-pub-6fc3cb75/worktrees/worker-1/realm/realm-library/src/main/java/io/realm/DynamicRealm.java:36: error: package io.realm.internal does not exist
import io.realm.internal.Util;
                        ^
/mnt/d/workspace/jiran/realm/.omx/team/g008-six-artifact-pub-6fc3cb75/worktrees/worker-1/realm/realm-library/src/main/java/io/realm/DynamicRealm.java:37: error: package io.realm.internal.async does not exist
import io.realm.internal.async.RealmAsyncTaskImpl;
                              ^
/mnt/d/workspace/jiran/realm/.omx/team/g008-six-artifact-pub-6fc3cb75/worktrees/worker-1/realm/realm-library/src/main/java/io/realm/DynamicRealm.java:64: error: package OsSharedRealm does not exist
    private DynamicRealm(final RealmCache cache, OsSharedRealm.VersionID version) {
                                                              ^
/mnt/d/workspace/jiran/realm/.omx/team/g008-six-artifact-pub-6fc3cb75/worktrees/worker-1/realm/realm-library/src/main/java/io/realm/DynamicRealm.java:89: error: cannot find symbol
    private DynamicRealm(OsSharedRealm sharedRealm) {
                         ^
  symbol:   class OsSharedRealm
  location: class DynamicRealm
/mnt/d/workspace/jiran/realm/.omx/team/g008-six-artifact-pub-6fc3cb75/worktrees/worker-1/realm/realm-library/src/main/java/io/realm/DynamicRealmObject.java:18: error: package org.bson.types does not exist
import org.bson.types.Decimal128;
                     ^
/mnt/d/workspace/jiran/realm/.omx/team/g008-six-artifact-pub-6fc3cb75/worktrees/worker-1/realm/realm-library/src/main/java/io/realm/DynamicRealmObject.java:19: error: package org.bson.types does not exist
import org.bson.types.ObjectId;
                     ^
/mnt/d/workspace/jiran/realm/.omx/team/g008-six-artifact-pub-6fc3cb75/worktrees/worker-1/realm/realm-library/src/main/java/io/realm/DynamicRealmObject.java:28: error: package javax.annotation does not exist
import javax.annotation.Nonnull;
                       ^
/mnt/d/workspace/jiran/realm/.omx/team/g008-six-artifact-pub-6fc3cb75/worktrees/worker-1/realm/realm-library/src/main/java/io/realm/DynamicRealmObject.java:29: error: package javax.annotation does not exist
import javax.annotation.Nullable;
                       ^
/mnt/d/workspace/jiran/realm/.omx/team/g008-six-artifact-pub-6fc3cb75/worktrees/worker-1/realm/realm-library/src/main/java/io/realm/DynamicRealmObject.java:32: error: package io.realm.internal does not exist
import io.realm.internal.CheckedRow;
                        ^
100 errors

> Task :realm:realm-library:javadocJar
> Task :realm:realm-library:sourcesJar
> Task :realm:realm-library:checkBaseReleaseAarMetadata

> Task :realm:realm-library:configureCMakeRelWithDebInfo[arm64-v8a]
[CXX5304] This version only understands SDK XML versions up to 3 but an SDK XML file of version 4 was encountered. This can happen if you use versions of Android Studio and the command-line tools that were released at different times.
[CXX5304] This version only understands SDK XML versions up to 3 but an SDK XML file of version 4 was encountered. This can happen if you use versions of Android Studio and the command-line tools that were released at different times.

> Task :realm:realm-library:kaptBaseReleaseKotlin

> Task :realm:realm-library:configureCMakeRelWithDebInfo[arm64-v8a]
C/C++: Build type: RelWithDebInfo
C/C++: JNI Header directory: /mnt/d/workspace/jiran/realm/.omx/team/g008-six-artifact-pub-6fc3cb75/worktrees/worker-1/realm/realm-library/src/main/cpp/../../../build/intermediates/javac/baseRelease/jni_include
C/C++: CMake Error at CMakeLists.txt:109 (add_subdirectory):
C/C++:   The source directory
C/C++:     /mnt/d/workspace/jiran/realm/.omx/team/g008-six-artifact-pub-6fc3cb75/worktrees/worker-1/realm/realm-library/src/main/cpp/realm-core
C/C++:   does not contain a CMakeLists.txt file.

> Task :realm:realm-library:configureCMakeRelWithDebInfo[arm64-v8a] FAILED
> Task :g008PublishRealm FAILED

[Incubating] Problems report is available at: file:///mnt/d/workspace/jiran/realm/.omx/team/g008-six-artifact-pub-6fc3cb75/worktrees/worker-1/build/reports/problems/problems-report.html

FAILURE: Build failed with an exception.

* What went wrong:
Execution failed for task ':realm:realm-library:configureCMakeRelWithDebInfo[arm64-v8a]' (registered by plugin 'com.android.internal.library').
> [CXX1429] error when building with cmake using /mnt/d/workspace/jiran/realm/.omx/team/g008-six-artifact-pub-6fc3cb75/worktrees/worker-1/realm/realm-library/src/main/cpp/CMakeLists.txt: -- The C compiler identification is Clang 21.0.0
  -- The CXX compiler identification is Clang 21.0.0
  -- Detecting C compiler ABI info
  -- Detecting C compiler ABI info - done
  -- Check for working C compiler: /home/leminity/Android/Sdk/ndk/29.0.14206865/toolchains/llvm/prebuilt/linux-x86_64/bin/clang - skipped
  -- Detecting C compile features
  -- Detecting C compile features - done
  -- Detecting CXX compiler ABI info
  -- Detecting CXX compiler ABI info - done
  -- Check for working CXX compiler: /home/leminity/Android/Sdk/ndk/29.0.14206865/toolchains/llvm/prebuilt/linux-x86_64/bin/clang++ - skipped
  -- Detecting CXX compile features
  -- Detecting CXX compile features - done
  -- Found Java: /home/linuxbrew/.linuxbrew/Cellar/openjdk@17/17.0.19/libexec/bin/java (found version "17.0.19") found components: Development
  -- Building Realm Core from source...
  -- Configuring incomplete, errors occurred!

  C++ build system [configure] failed while executing:
      /home/leminity/Android/Sdk/cmake/3.27.7/bin/cmake \
        -H/mnt/d/workspace/jiran/realm/.omx/team/g008-six-artifact-pub-6fc3cb75/worktrees/worker-1/realm/realm-library/src/main/cpp \
        -DCMAKE_SYSTEM_NAME=Android \
        -DCMAKE_EXPORT_COMPILE_COMMANDS=ON \
        -DCMAKE_SYSTEM_VERSION=21 \
        -DANDROID_PLATFORM=android-21 \
        -DANDROID_ABI=arm64-v8a \
        -DCMAKE_ANDROID_ARCH_ABI=arm64-v8a \
        -DANDROID_NDK=/home/leminity/Android/Sdk/ndk/29.0.14206865 \
        -DCMAKE_ANDROID_NDK=/home/leminity/Android/Sdk/ndk/29.0.14206865 \
        -DCMAKE_TOOLCHAIN_FILE=/home/leminity/Android/Sdk/ndk/29.0.14206865/build/cmake/android.toolchain.cmake \
        -DCMAKE_MAKE_PROGRAM=/home/linuxbrew/.linuxbrew/bin/ninja \
        -DCMAKE_LIBRARY_OUTPUT_DIRECTORY=/mnt/d/workspace/jiran/realm/.omx/team/g008-six-artifact-pub-6fc3cb75/worktrees/worker-1/realm/realm-library/build/intermediates/cxx/RelWithDebInfo/383k3k4q/obj/arm64-v8a \
        -DCMAKE_RUNTIME_OUTPUT_DIRECTORY=/mnt/d/workspace/jiran/realm/.omx/team/g008-six-artifact-pub-6fc3cb75/worktrees/worker-1/realm/realm-library/build/intermediates/cxx/RelWithDebInfo/383k3k4q/obj/arm64-v8a \
        -DCMAKE_BUILD_TYPE=RelWithDebInfo \
        -B/mnt/d/workspace/jiran/realm/.omx/team/g008-six-artifact-pub-6fc3cb75/worktrees/worker-1/realm/realm-library/.cxx/RelWithDebInfo/383k3k4q/arm64-v8a \
        -GNinja \
        -DREALM_JAVA_BUILD_CORE_FROM_SOURCE=true \
        -DCMAKE_INTERPROCEDURAL_OPTIMIZATION=true \
        -DREALM_FLAVOR=base
    from /mnt/d/workspace/jiran/realm/.omx/team/g008-six-artifact-pub-6fc3cb75/worktrees/worker-1/realm/realm-library
  Build type: RelWithDebInfo
  JNI Header directory: /mnt/d/workspace/jiran/realm/.omx/team/g008-six-artifact-pub-6fc3cb75/worktrees/worker-1/realm/realm-library/src/main/cpp/../../../build/intermediates/javac/baseRelease/jni_include
  CMake Error at CMakeLists.txt:109 (add_subdirectory):
    The source directory

      /mnt/d/workspace/jiran/realm/.omx/team/g008-six-artifact-pub-6fc3cb75/worktrees/worker-1/realm/realm-library/src/main/cpp/realm-core

    does not contain a CMakeLists.txt file. : com.android.ide.common.process.ProcessException: -- The C compiler identification is Clang 21.0.0
  -- The CXX compiler identification is Clang 21.0.0
  -- Detecting C compiler ABI info
  -- Detecting C compiler ABI info - done
  -- Check for working C compiler: /home/leminity/Android/Sdk/ndk/29.0.14206865/toolchains/llvm/prebuilt/linux-x86_64/bin/clang - skipped
  -- Detecting C compile features
  -- Detecting C compile features - done
  -- Detecting CXX compiler ABI info
  -- Detecting CXX compiler ABI info - done
  -- Check for working CXX compiler: /home/leminity/Android/Sdk/ndk/29.0.14206865/toolchains/llvm/prebuilt/linux-x86_64/bin/clang++ - skipped
  -- Detecting CXX compile features
  -- Detecting CXX compile features - done
  -- Found Java: /home/linuxbrew/.linuxbrew/Cellar/openjdk@17/17.0.19/libexec/bin/java (found version "17.0.19") found components: Development
  -- Building Realm Core from source...
  -- Configuring incomplete, errors occurred!

  C++ build system [configure] failed while executing:
      /home/leminity/Android/Sdk/cmake/3.27.7/bin/cmake \
        -H/mnt/d/workspace/jiran/realm/.omx/team/g008-six-artifact-pub-6fc3cb75/worktrees/worker-1/realm/realm-library/src/main/cpp \
        -DCMAKE_SYSTEM_NAME=Android \
        -DCMAKE_EXPORT_COMPILE_COMMANDS=ON \
        -DCMAKE_SYSTEM_VERSION=21 \
        -DANDROID_PLATFORM=android-21 \
        -DANDROID_ABI=arm64-v8a \
        -DCMAKE_ANDROID_ARCH_ABI=arm64-v8a \
        -DANDROID_NDK=/home/leminity/Android/Sdk/ndk/29.0.14206865 \
        -DCMAKE_ANDROID_NDK=/home/leminity/Android/Sdk/ndk/29.0.14206865 \
        -DCMAKE_TOOLCHAIN_FILE=/home/leminity/Android/Sdk/ndk/29.0.14206865/build/cmake/android.toolchain.cmake \
        -DCMAKE_MAKE_PROGRAM=/home/linuxbrew/.linuxbrew/bin/ninja \
        -DCMAKE_LIBRARY_OUTPUT_DIRECTORY=/mnt/d/workspace/jiran/realm/.omx/team/g008-six-artifact-pub-6fc3cb75/worktrees/worker-1/realm/realm-library/build/intermediates/cxx/RelWithDebInfo/383k3k4q/obj/arm64-v8a \
        -DCMAKE_RUNTIME_OUTPUT_DIRECTORY=/mnt/d/workspace/jiran/realm/.omx/team/g008-six-artifact-pub-6fc3cb75/worktrees/worker-1/realm/realm-library/build/intermediates/cxx/RelWithDebInfo/383k3k4q/obj/arm64-v8a \
        -DCMAKE_BUILD_TYPE=RelWithDebInfo \
        -B/mnt/d/workspace/jiran/realm/.omx/team/g008-six-artifact-pub-6fc3cb75/worktrees/worker-1/realm/realm-library/.cxx/RelWithDebInfo/383k3k4q/arm64-v8a \
        -GNinja \
        -DREALM_JAVA_BUILD_CORE_FROM_SOURCE=true \
        -DCMAKE_INTERPROCEDURAL_OPTIMIZATION=true \
        -DREALM_FLAVOR=base
    from /mnt/d/workspace/jiran/realm/.omx/team/g008-six-artifact-pub-6fc3cb75/worktrees/worker-1/realm/realm-library
  Build type: RelWithDebInfo
  JNI Header directory: /mnt/d/workspace/jiran/realm/.omx/team/g008-six-artifact-pub-6fc3cb75/worktrees/worker-1/realm/realm-library/src/main/cpp/../../../build/intermediates/javac/baseRelease/jni_include
  CMake Error at CMakeLists.txt:109 (add_subdirectory):
    The source directory

      /mnt/d/workspace/jiran/realm/.omx/team/g008-six-artifact-pub-6fc3cb75/worktrees/worker-1/realm/realm-library/src/main/cpp/realm-core

    does not contain a CMakeLists.txt file.
	at com.android.build.gradle.internal.cxx.process.ExecuteProcessKt.execute(ExecuteProcess.kt:271)
	at com.android.build.gradle.internal.cxx.process.ExecuteProcessKt$executeProcess$1.invoke(ExecuteProcess.kt:98)
	at com.android.build.gradle.internal.cxx.process.ExecuteProcessKt$executeProcess$1.invoke(ExecuteProcess.kt:96)
	at com.android.build.gradle.internal.cxx.timing.TimingEnvironmentKt.time(TimingEnvironment.kt:28)
	at com.android.build.gradle.internal.cxx.process.ExecuteProcessKt.executeProcess(ExecuteProcess.kt:96)
	at com.android.build.gradle.internal.cxx.process.ExecuteProcessKt.executeProcess$default(ExecuteProcess.kt:73)
	at com.android.build.gradle.tasks.CmakeQueryMetadataGenerator.executeProcess(CmakeFileApiMetadataGenerator.kt:55)
	at com.android.build.gradle.tasks.ExternalNativeJsonGenerator$configureOneAbi$1$1$3.invoke(ExternalNativeJsonGenerator.kt:225)
	at com.android.build.gradle.tasks.ExternalNativeJsonGenerator$configureOneAbi$1$1$3.invoke(ExternalNativeJsonGenerator.kt:225)
	at com.android.build.gradle.internal.cxx.timing.TimingEnvironmentKt.time(TimingEnvironment.kt:28)
	at com.android.build.gradle.tasks.ExternalNativeJsonGenerator.configureOneAbi(ExternalNativeJsonGenerator.kt:225)
	at com.android.build.gradle.tasks.ExternalNativeJsonGenerator.configure(ExternalNativeJsonGenerator.kt:107)
	at com.android.build.gradle.tasks.ExternalNativeBuildJsonTask.doTaskAction(ExternalNativeBuildJsonTask.kt:76)
	at com.android.build.gradle.internal.tasks.UnsafeOutputsTask$taskAction$$inlined$recordTaskAction$1.invoke(BaseTask.kt:71)
	at com.android.build.gradle.internal.tasks.Blocks.recordSpan(Blocks.java:51)
	at com.android.build.gradle.internal.tasks.UnsafeOutputsTask.taskAction(UnsafeOutputsTask.kt:72)
	at java.base/jdk.internal.reflect.NativeMethodAccessorImpl.invoke0(Native Method)
	at java.base/jdk.internal.reflect.NativeMethodAccessorImpl.invoke(NativeMethodAccessorImpl.java:77)
	at java.base/jdk.internal.reflect.DelegatingMethodAccessorImpl.invoke(DelegatingMethodAccessorImpl.java:43)
	at java.base/java.lang.reflect.Method.invoke(Method.java:569)
	at org.gradle.internal.reflect.JavaMethod.invoke(JavaMethod.java:125)
	at org.gradle.api.internal.project.taskfactory.StandardTaskAction.doExecute(StandardTaskAction.java:58)
	at org.gradle.api.internal.project.taskfactory.StandardTaskAction.execute(StandardTaskAction.java:51)
	at org.gradle.api.internal.project.taskfactory.StandardTaskAction.execute(StandardTaskAction.java:29)
	at org.gradle.api.internal.tasks.execution.TaskExecution$3.run(TaskExecution.java:259)
	at org.gradle.internal.operations.DefaultBuildOperationRunner$1.execute(DefaultBuildOperationRunner.java:30)
	at org.gradle.internal.operations.DefaultBuildOperationRunner$1.execute(DefaultBuildOperationRunner.java:27)
	at org.gradle.internal.operations.DefaultBuildOperationRunner$2.execute(DefaultBuildOperationRunner.java:67)
	at org.gradle.internal.operations.DefaultBuildOperationRunner$2.execute(DefaultBuildOperationRunner.java:60)
	at org.gradle.internal.operations.DefaultBuildOperationRunner.execute(DefaultBuildOperationRunner.java:167)
	at org.gradle.internal.operations.DefaultBuildOperationRunner.execute(DefaultBuildOperationRunner.java:60)
	at org.gradle.internal.operations.DefaultBuildOperationRunner.run(DefaultBuildOperationRunner.java:48)
	at org.gradle.api.internal.tasks.execution.TaskExecution.executeAction(TaskExecution.java:244)
	at org.gradle.api.internal.tasks.execution.TaskExecution.executeActions(TaskExecution.java:227)
	at org.gradle.api.internal.tasks.execution.TaskExecution.executeWithPreviousOutputFiles(TaskExecution.java:210)
	at org.gradle.api.internal.tasks.execution.TaskExecution.execute(TaskExecution.java:176)
	at org.gradle.internal.execution.steps.ExecuteStep.executeInternal(ExecuteStep.java:167)
	at org.gradle.internal.execution.steps.ExecuteStep.access$000(ExecuteStep.java:47)
	at org.gradle.internal.execution.steps.ExecuteStep$1.call(ExecuteStep.java:137)
	at org.gradle.internal.execution.steps.ExecuteStep$1.call(ExecuteStep.java:134)
	at org.gradle.internal.operations.DefaultBuildOperationRunner$CallableBuildOperationWorker.execute(DefaultBuildOperationRunner.java:210)
	at org.gradle.internal.operations.DefaultBuildOperationRunner$CallableBuildOperationWorker.execute(DefaultBuildOperationRunner.java:205)
	at org.gradle.internal.operations.DefaultBuildOperationRunner$2.execute(DefaultBuildOperationRunner.java:67)
	at org.gradle.internal.operations.DefaultBuildOperationRunner$2.execute(DefaultBuildOperationRunner.java:60)
	at org.gradle.internal.operations.DefaultBuildOperationRunner.execute(DefaultBuildOperationRunner.java:167)
	at org.gradle.internal.operations.DefaultBuildOperationRunner.execute(DefaultBuildOperationRunner.java:60)
	at org.gradle.internal.operations.DefaultBuildOperationRunner.call(DefaultBuildOperationRunner.java:54)
	at org.gradle.internal.execution.steps.ExecuteStep.execute(ExecuteStep.java:134)
	at org.gradle.internal.execution.steps.ExecuteStep$Mutable.execute(ExecuteStep.java:80)
	at org.gradle.internal.execution.steps.CancelExecutionStep.execute(CancelExecutionStep.java:42)
	at org.gradle.internal.execution.steps.TimeoutStep.executeWithoutTimeout(TimeoutStep.java:75)
	at org.gradle.internal.execution.steps.TimeoutStep.execute(TimeoutStep.java:55)
	at org.gradle.internal.execution.steps.PreCreateOutputParentsStep.execute(PreCreateOutputParentsStep.java:51)
	at org.gradle.internal.execution.steps.PreCreateOutputParentsStep.execute(PreCreateOutputParentsStep.java:29)
	at org.gradle.internal.execution.steps.RemovePreviousOutputsStep.executeMutable(RemovePreviousOutputsStep.java:67)
	at org.gradle.internal.execution.steps.RemovePreviousOutputsStep.executeMutable(RemovePreviousOutputsStep.java:39)
	at org.gradle.internal.execution.steps.MutableStep.execute(MutableStep.java:26)
	at org.gradle.internal.execution.steps.BroadcastChangingOutputsStep.execute(BroadcastChangingOutputsStep.java:42)
	at org.gradle.internal.execution.steps.BroadcastChangingOutputsStep.execute(BroadcastChangingOutputsStep.java:24)
	at org.gradle.internal.execution.steps.CaptureOutputsAfterExecutionStep.execute(CaptureOutputsAfterExecutionStep.java:69)
	at org.gradle.internal.execution.steps.CaptureOutputsAfterExecutionStep.execute(CaptureOutputsAfterExecutionStep.java:46)
	at org.gradle.internal.execution.steps.ResolveInputChangesStep.executeMutable(ResolveInputChangesStep.java:39)
	at org.gradle.internal.execution.steps.ResolveInputChangesStep.executeMutable(ResolveInputChangesStep.java:28)
	at org.gradle.internal.execution.steps.MutableStep.execute(MutableStep.java:26)
	at org.gradle.internal.execution.steps.BuildCacheStep.executeWithoutCache(BuildCacheStep.java:189)
	at org.gradle.internal.execution.steps.BuildCacheStep.lambda$execute$1(BuildCacheStep.java:76)
	at org.gradle.internal.Either$Right.fold(Either.java:176)
	at org.gradle.internal.execution.caching.CachingState.fold(CachingState.java:62)
	at org.gradle.internal.execution.steps.BuildCacheStep.execute(BuildCacheStep.java:74)
	at org.gradle.internal.execution.steps.BuildCacheStep.execute(BuildCacheStep.java:49)
	at org.gradle.internal.execution.steps.StoreExecutionStateStep.executeMutable(StoreExecutionStateStep.java:46)
	at org.gradle.internal.execution.steps.StoreExecutionStateStep.executeMutable(StoreExecutionStateStep.java:35)
	at org.gradle.internal.execution.steps.MutableStep.execute(MutableStep.java:26)
	at org.gradle.internal.execution.steps.SkipUpToDateStep.executeBecause(SkipUpToDateStep.java:75)
	at org.gradle.internal.execution.steps.SkipUpToDateStep.lambda$execute$2(SkipUpToDateStep.java:53)
	at java.base/java.util.Optional.orElseGet(Optional.java:364)
	at org.gradle.internal.execution.steps.SkipUpToDateStep.execute(SkipUpToDateStep.java:53)
	at org.gradle.internal.execution.steps.SkipUpToDateStep.execute(SkipUpToDateStep.java:35)
	at org.gradle.internal.execution.steps.legacy.MarkSnapshottingInputsFinishedStep.execute(MarkSnapshottingInputsFinishedStep.java:37)
	at org.gradle.internal.execution.steps.legacy.MarkSnapshottingInputsFinishedStep.execute(MarkSnapshottingInputsFinishedStep.java:27)
	at org.gradle.internal.execution.steps.ResolveMutableCachingStateStep.executeDelegate(ResolveMutableCachingStateStep.java:70)
	at org.gradle.internal.execution.steps.ResolveMutableCachingStateStep.executeDelegate(ResolveMutableCachingStateStep.java:32)
	at org.gradle.internal.execution.steps.AbstractResolveCachingStateStep.execute(AbstractResolveCachingStateStep.java:69)
	at org.gradle.internal.execution.steps.AbstractResolveCachingStateStep.execute(AbstractResolveCachingStateStep.java:37)
	at org.gradle.internal.execution.steps.ResolveChangesStep.executeMutable(ResolveChangesStep.java:63)
	at org.gradle.internal.execution.steps.ResolveChangesStep.executeMutable(ResolveChangesStep.java:34)
	at org.gradle.internal.execution.steps.MutableStep.execute(MutableStep.java:26)
	at org.gradle.internal.execution.steps.ValidateStep$Mutable.executeDelegate(ValidateStep.java:79)
	at org.gradle.internal.execution.steps.ValidateStep$Mutable.executeDelegate(ValidateStep.java:65)
	at org.gradle.internal.execution.steps.ValidateStep.execute(ValidateStep.java:105)
	at org.gradle.internal.execution.steps.ValidateStep$Mutable.execute(ValidateStep.java:65)
	at org.gradle.internal.execution.steps.CaptureMutableStateBeforeExecutionStep.executeMutable(CaptureMutableStateBeforeExecutionStep.java:86)
	at org.gradle.internal.execution.steps.CaptureMutableStateBeforeExecutionStep.execute(CaptureMutableStateBeforeExecutionStep.java:65)
	at org.gradle.internal.execution.steps.CaptureMutableStateBeforeExecutionStep.execute(CaptureMutableStateBeforeExecutionStep.java:45)
	at org.gradle.internal.execution.steps.SkipEmptyMutableWorkStep.executeWithNonEmptySources(SkipEmptyMutableWorkStep.java:210)
	at org.gradle.internal.execution.steps.SkipEmptyMutableWorkStep.executeMutable(SkipEmptyMutableWorkStep.java:85)
	at org.gradle.internal.execution.steps.SkipEmptyMutableWorkStep.executeMutable(SkipEmptyMutableWorkStep.java:53)
	at org.gradle.internal.execution.steps.MutableStep.execute(MutableStep.java:26)
	at org.gradle.internal.execution.steps.legacy.MarkSnapshottingInputsStartedStep.execute(MarkSnapshottingInputsStartedStep.java:38)
	at org.gradle.internal.execution.steps.LoadPreviousExecutionStateStep.executeMutable(LoadPreviousExecutionStateStep.java:36)
	at org.gradle.internal.execution.steps.LoadPreviousExecutionStateStep.executeMutable(LoadPreviousExecutionStateStep.java:23)
	at org.gradle.internal.execution.steps.MutableStep.execute(MutableStep.java:26)
	at org.gradle.internal.execution.steps.HandleStaleOutputsStep.executeMutable(HandleStaleOutputsStep.java:77)
	at org.gradle.internal.execution.steps.HandleStaleOutputsStep.executeMutable(HandleStaleOutputsStep.java:43)
	at org.gradle.internal.execution.steps.MutableStep.execute(MutableStep.java:26)
	at org.gradle.internal.execution.steps.AssignMutableWorkspaceStep.lambda$executeMutable$0(AssignMutableWorkspaceStep.java:34)
	at org.gradle.api.internal.tasks.execution.TaskExecution$4.withWorkspace(TaskExecution.java:305)
	at org.gradle.internal.execution.steps.AssignMutableWorkspaceStep.executeMutable(AssignMutableWorkspaceStep.java:30)
	at org.gradle.internal.execution.steps.AssignMutableWorkspaceStep.executeMutable(AssignMutableWorkspaceStep.java:21)
	at org.gradle.internal.execution.steps.MutableStep.execute(MutableStep.java:26)
	at org.gradle.internal.execution.steps.ChoosePipelineStep.execute(ChoosePipelineStep.java:40)
	at org.gradle.internal.execution.steps.ChoosePipelineStep.execute(ChoosePipelineStep.java:23)
	at org.gradle.internal.execution.steps.ExecuteWorkBuildOperationFiringStep.lambda$execute$2(ExecuteWorkBuildOperationFiringStep.java:67)
	at java.base/java.util.Optional.orElseGet(Optional.java:364)
	at org.gradle.internal.execution.steps.ExecuteWorkBuildOperationFiringStep.execute(ExecuteWorkBuildOperationFiringStep.java:67)
	at org.gradle.internal.execution.steps.ExecuteWorkBuildOperationFiringStep.execute(ExecuteWorkBuildOperationFiringStep.java:39)
	at org.gradle.internal.execution.steps.IdentityCacheStep.execute(IdentityCacheStep.java:46)
	at org.gradle.internal.execution.steps.IdentityCacheStep.execute(IdentityCacheStep.java:34)
	at org.gradle.internal.execution.steps.IdentifyStep.execute(IdentifyStep.java:56)
	at org.gradle.internal.execution.steps.IdentifyStep.execute(IdentifyStep.java:38)
	at org.gradle.internal.execution.impl.DefaultExecutionEngine$1.execute(DefaultExecutionEngine.java:68)
	at org.gradle.api.internal.tasks.execution.ExecuteActionsTaskExecuter.executeIfValid(ExecuteActionsTaskExecuter.java:132)
	at org.gradle.api.internal.tasks.execution.ExecuteActionsTaskExecuter.execute(ExecuteActionsTaskExecuter.java:121)
	at org.gradle.api.internal.tasks.execution.ProblemsTaskPathTrackingTaskExecuter.execute(ProblemsTaskPathTrackingTaskExecuter.java:41)
	at org.gradle.api.internal.tasks.execution.ResolveTaskExecutionModeExecuter.execute(ResolveTaskExecutionModeExecuter.java:51)
	at org.gradle.api.internal.tasks.execution.FinalizePropertiesTaskExecuter.execute(FinalizePropertiesTaskExecuter.java:46)
	at org.gradle.api.internal.tasks.execution.SkipTaskWithNoActionsExecuter.execute(SkipTaskWithNoActionsExecuter.java:57)
	at org.gradle.api.internal.tasks.execution.SkipOnlyIfTaskExecuter.execute(SkipOnlyIfTaskExecuter.java:74)
	at org.gradle.api.internal.tasks.execution.CatchExceptionTaskExecuter.execute(CatchExceptionTaskExecuter.java:36)
	at org.gradle.api.internal.tasks.execution.EventFiringTaskExecuter$1.executeTask(EventFiringTaskExecuter.java:77)
	at org.gradle.api.internal.tasks.execution.EventFiringTaskExecuter$1.call(EventFiringTaskExecuter.java:55)
	at org.gradle.api.internal.tasks.execution.EventFiringTaskExecuter$1.call(EventFiringTaskExecuter.java:52)
	at org.gradle.internal.operations.DefaultBuildOperationRunner$CallableBuildOperationWorker.execute(DefaultBuildOperationRunner.java:210)
	at org.gradle.internal.operations.DefaultBuildOperationRunner$CallableBuildOperationWorker.execute(DefaultBuildOperationRunner.java:205)
	at org.gradle.internal.operations.DefaultBuildOperationRunner$2.execute(DefaultBuildOperationRunner.java:67)
	at org.gradle.internal.operations.DefaultBuildOperationRunner$2.execute(DefaultBuildOperationRunner.java:60)
	at org.gradle.internal.operations.DefaultBuildOperationRunner.execute(DefaultBuildOperationRunner.java:167)
	at org.gradle.internal.operations.DefaultBuildOperationRunner.execute(DefaultBuildOperationRunner.java:60)
	at org.gradle.internal.operations.DefaultBuildOperationRunner.call(DefaultBuildOperationRunner.java:54)
	at org.gradle.api.internal.tasks.execution.EventFiringTaskExecuter.execute(EventFiringTaskExecuter.java:52)
	at org.gradle.execution.plan.DefaultNodeExecutor.executeLocalTaskNode(DefaultNodeExecutor.java:55)
	at org.gradle.execution.plan.DefaultNodeExecutor.execute(DefaultNodeExecutor.java:34)
	at org.gradle.execution.taskgraph.DefaultTaskExecutionGraph$InvokeNodeExecutorsAction.execute(DefaultTaskExecutionGraph.java:355)
	at org.gradle.execution.taskgraph.DefaultTaskExecutionGraph$InvokeNodeExecutorsAction.execute(DefaultTaskExecutionGraph.java:343)
	at org.gradle.execution.taskgraph.DefaultTaskExecutionGraph$BuildOperationAwareExecutionAction.lambda$execute$0(DefaultTaskExecutionGraph.java:339)
	at org.gradle.internal.operations.CurrentBuildOperationRef.with(CurrentBuildOperationRef.java:84)
	at org.gradle.execution.taskgraph.DefaultTaskExecutionGraph$BuildOperationAwareExecutionAction.execute(DefaultTaskExecutionGraph.java:339)
	at org.gradle.execution.taskgraph.DefaultTaskExecutionGraph$BuildOperationAwareExecutionAction.execute(DefaultTaskExecutionGraph.java:328)
	at org.gradle.execution.plan.DefaultPlanExecutor$ExecutorWorker.execute(DefaultPlanExecutor.java:459)
	at org.gradle.execution.plan.DefaultPlanExecutor$ExecutorWorker.run(DefaultPlanExecutor.java:376)
	at org.gradle.execution.plan.DefaultPlanExecutor.process(DefaultPlanExecutor.java:111)
	at org.gradle.execution.taskgraph.DefaultTaskExecutionGraph.executeWithServices(DefaultTaskExecutionGraph.java:146)
	at org.gradle.execution.taskgraph.DefaultTaskExecutionGraph.execute(DefaultTaskExecutionGraph.java:131)
	at org.gradle.execution.SelectedTaskExecutionAction.execute(SelectedTaskExecutionAction.java:35)
	at org.gradle.execution.BuildOperationFiringBuildWorkerExecutor$ExecuteTasks.call(BuildOperationFiringBuildWorkerExecutor.java:54)
	at org.gradle.execution.BuildOperationFiringBuildWorkerExecutor$ExecuteTasks.call(BuildOperationFiringBuildWorkerExecutor.java:43)
	at org.gradle.internal.operations.DefaultBuildOperationRunner$CallableBuildOperationWorker.execute(DefaultBuildOperationRunner.java:210)
	at org.gradle.internal.operations.DefaultBuildOperationRunner$CallableBuildOperationWorker.execute(DefaultBuildOperationRunner.java:205)
	at org.gradle.internal.operations.DefaultBuildOperationRunner$2.execute(DefaultBuildOperationRunner.java:67)
	at org.gradle.internal.operations.DefaultBuildOperationRunner$2.execute(DefaultBuildOperationRunner.java:60)
	at org.gradle.internal.operations.DefaultBuildOperationRunner.execute(DefaultBuildOperationRunner.java:167)
	at org.gradle.internal.operations.DefaultBuildOperationRunner.execute(DefaultBuildOperationRunner.java:60)
	at org.gradle.internal.operations.DefaultBuildOperationRunner.call(DefaultBuildOperationRunner.java:54)
	at org.gradle.execution.BuildOperationFiringBuildWorkerExecutor.execute(BuildOperationFiringBuildWorkerExecutor.java:40)
	at org.gradle.internal.build.DefaultBuildLifecycleController.lambda$executeTasks$11(DefaultBuildLifecycleController.java:323)
	at org.gradle.internal.model.StateTransitionController.doTransition(StateTransitionController.java:304)
	at org.gradle.internal.model.StateTransitionController.lambda$tryTransition$9(StateTransitionController.java:215)
	at org.gradle.internal.work.DefaultSynchronizer.withLock(DefaultSynchronizer.java:45)
	at org.gradle.internal.model.StateTransitionController.tryTransition(StateTransitionController.java:215)
	at org.gradle.internal.build.DefaultBuildLifecycleController.executeTasks(DefaultBuildLifecycleController.java:314)
	at org.gradle.internal.build.DefaultBuildWorkGraphController$DefaultBuildWorkGraph.runWork(DefaultBuildWorkGraphController.java:220)
	at org.gradle.internal.work.DefaultWorkerLeaseService.lambda$runAndReleaseLocks$0(DefaultWorkerLeaseService.java:300)
	at org.gradle.internal.work.ResourceLockStatistics$1.measure(ResourceLockStatistics.java:43)
	at org.gradle.internal.work.DefaultWorkerLeaseService.runAndReleaseLocks(DefaultWorkerLeaseService.java:298)
	at org.gradle.internal.work.DefaultWorkerLeaseService.withLocksAcquired(DefaultWorkerLeaseService.java:294)
	at org.gradle.internal.work.DefaultWorkerLeaseService.withLocks(DefaultWorkerLeaseService.java:286)
	at org.gradle.internal.work.DefaultWorkerLeaseService.runAsWorkerThread(DefaultWorkerLeaseService.java:130)
	at org.gradle.composite.internal.DefaultBuildController.doRun(DefaultBuildController.java:182)
	at org.gradle.composite.internal.DefaultBuildController$BuildOpRunnable.lambda$run$0(DefaultBuildController.java:199)
	at org.gradle.internal.operations.CurrentBuildOperationRef.with(CurrentBuildOperationRef.java:84)
	at org.gradle.composite.internal.DefaultBuildController$BuildOpRunnable.run(DefaultBuildController.java:199)
	at java.base/java.util.concurrent.Executors$RunnableAdapter.call(Executors.java:539)
	at java.base/java.util.concurrent.FutureTask.run(FutureTask.java:264)
	at org.gradle.internal.concurrent.ExecutorPolicy$CatchAndRecordFailures.onExecute(ExecutorPolicy.java:64)
	at org.gradle.internal.concurrent.AbstractManagedExecutor$1.run(AbstractManagedExecutor.java:47)
	at java.base/java.util.concurrent.ThreadPoolExecutor.runWorker(ThreadPoolExecutor.java:1136)
	at java.base/java.util.concurrent.ThreadPoolExecutor$Worker.run(ThreadPoolExecutor.java:635)
	at java.base/java.lang.Thread.run(Thread.java:840)
  Caused by: com.android.ide.common.process.ProcessException: Error while executing process /home/leminity/Android/Sdk/cmake/3.27.7/bin/cmake with arguments {-H/mnt/d/workspace/jiran/realm/.omx/team/g008-six-artifact-pub-6fc3cb75/worktrees/worker-1/realm/realm-library/src/main/cpp -DCMAKE_SYSTEM_NAME=Android -DCMAKE_EXPORT_COMPILE_COMMANDS=ON -DCMAKE_SYSTEM_VERSION=21 -DANDROID_PLATFORM=android-21 -DANDROID_ABI=arm64-v8a -DCMAKE_ANDROID_ARCH_ABI=arm64-v8a -DANDROID_NDK=/home/leminity/Android/Sdk/ndk/29.0.14206865 -DCMAKE_ANDROID_NDK=/home/leminity/Android/Sdk/ndk/29.0.14206865 -DCMAKE_TOOLCHAIN_FILE=/home/leminity/Android/Sdk/ndk/29.0.14206865/build/cmake/android.toolchain.cmake -DCMAKE_MAKE_PROGRAM=/home/linuxbrew/.linuxbrew/bin/ninja -DCMAKE_LIBRARY_OUTPUT_DIRECTORY=/mnt/d/workspace/jiran/realm/.omx/team/g008-six-artifact-pub-6fc3cb75/worktrees/worker-1/realm/realm-library/build/intermediates/cxx/RelWithDebInfo/383k3k4q/obj/arm64-v8a -DCMAKE_RUNTIME_OUTPUT_DIRECTORY=/mnt/d/workspace/jiran/realm/.omx/team/g008-six-artifact-pub-6fc3cb75/worktrees/worker-1/realm/realm-library/build/intermediates/cxx/RelWithDebInfo/383k3k4q/obj/arm64-v8a -DCMAKE_BUILD_TYPE=RelWithDebInfo -B/mnt/d/workspace/jiran/realm/.omx/team/g008-six-artifact-pub-6fc3cb75/worktrees/worker-1/realm/realm-library/.cxx/RelWithDebInfo/383k3k4q/arm64-v8a -GNinja -DREALM_JAVA_BUILD_CORE_FROM_SOURCE=true -DCMAKE_INTERPROCEDURAL_OPTIMIZATION=true -DREALM_FLAVOR=base}
	at com.android.build.gradle.internal.process.GradleProcessResult.buildProcessException(GradleProcessResult.java:73)
	at com.android.build.gradle.internal.process.GradleProcessResult.assertNormalExitValue(GradleProcessResult.java:48)
	at com.android.build.gradle.internal.cxx.process.ExecuteProcessKt.execute(ExecuteProcess.kt:258)
	... 187 more
  Caused by: org.gradle.process.ProcessExecutionException: Process 'command '/home/leminity/Android/Sdk/cmake/3.27.7/bin/cmake'' finished with non-zero exit value 1
	at org.gradle.process.internal.DefaultExecHandle$ExecResultImpl.assertNormalExitValue(DefaultExecHandle.java:460)
	at com.android.build.gradle.internal.process.GradleProcessResult.assertNormalExitValue(GradleProcessResult.java:46)
	... 188 more


* Try:
> Run with --info or --debug option to get more log output.
> Run with --scan to get full insights from a Build Scan (powered by Develocity).
> Get more help at https://help.gradle.org.

* Exception is:
org.gradle.api.tasks.TaskExecutionException: Execution failed for task ':realm:realm-library:configureCMakeRelWithDebInfo[arm64-v8a]' (registered by plugin 'com.android.internal.library').
	at org.gradle.api.internal.tasks.execution.ExecuteActionsTaskExecuter.lambda$executeIfValid$1(ExecuteActionsTaskExecuter.java:135)
	at org.gradle.internal.Try$Failure.ifSuccessfulOrElse(Try.java:288)
	at org.gradle.api.internal.tasks.execution.ExecuteActionsTaskExecuter.executeIfValid(ExecuteActionsTaskExecuter.java:133)
	at org.gradle.api.internal.tasks.execution.ExecuteActionsTaskExecuter.execute(ExecuteActionsTaskExecuter.java:121)
	at org.gradle.api.internal.tasks.execution.ProblemsTaskPathTrackingTaskExecuter.execute(ProblemsTaskPathTrackingTaskExecuter.java:41)
	at org.gradle.api.internal.tasks.execution.ResolveTaskExecutionModeExecuter.execute(ResolveTaskExecutionModeExecuter.java:51)
	at org.gradle.api.internal.tasks.execution.FinalizePropertiesTaskExecuter.execute(FinalizePropertiesTaskExecuter.java:46)
	at org.gradle.api.internal.tasks.execution.SkipTaskWithNoActionsExecuter.execute(SkipTaskWithNoActionsExecuter.java:57)
	at org.gradle.api.internal.tasks.execution.SkipOnlyIfTaskExecuter.execute(SkipOnlyIfTaskExecuter.java:74)
	at org.gradle.api.internal.tasks.execution.CatchExceptionTaskExecuter.execute(CatchExceptionTaskExecuter.java:36)
	at org.gradle.api.internal.tasks.execution.EventFiringTaskExecuter$1.executeTask(EventFiringTaskExecuter.java:77)
	at org.gradle.api.internal.tasks.execution.EventFiringTaskExecuter$1.call(EventFiringTaskExecuter.java:55)
	at org.gradle.api.internal.tasks.execution.EventFiringTaskExecuter$1.call(EventFiringTaskExecuter.java:52)
	at org.gradle.internal.operations.DefaultBuildOperationRunner$CallableBuildOperationWorker.execute(DefaultBuildOperationRunner.java:210)
	at org.gradle.internal.operations.DefaultBuildOperationRunner$CallableBuildOperationWorker.execute(DefaultBuildOperationRunner.java:205)
	at org.gradle.internal.operations.DefaultBuildOperationRunner$2.execute(DefaultBuildOperationRunner.java:67)
	at org.gradle.internal.operations.DefaultBuildOperationRunner$2.execute(DefaultBuildOperationRunner.java:60)
	at org.gradle.internal.operations.DefaultBuildOperationRunner.execute(DefaultBuildOperationRunner.java:167)
	at org.gradle.internal.operations.DefaultBuildOperationRunner.execute(DefaultBuildOperationRunner.java:60)
	at org.gradle.internal.operations.DefaultBuildOperationRunner.call(DefaultBuildOperationRunner.java:54)
	at org.gradle.api.internal.tasks.execution.EventFiringTaskExecuter.execute(EventFiringTaskExecuter.java:52)
	at org.gradle.execution.plan.DefaultNodeExecutor.executeLocalTaskNode(DefaultNodeExecutor.java:55)
	at org.gradle.execution.plan.DefaultNodeExecutor.execute(DefaultNodeExecutor.java:34)
	at org.gradle.execution.taskgraph.DefaultTaskExecutionGraph$InvokeNodeExecutorsAction.execute(DefaultTaskExecutionGraph.java:355)
	at org.gradle.execution.taskgraph.DefaultTaskExecutionGraph$InvokeNodeExecutorsAction.execute(DefaultTaskExecutionGraph.java:343)
	at org.gradle.execution.taskgraph.DefaultTaskExecutionGraph$BuildOperationAwareExecutionAction.lambda$execute$0(DefaultTaskExecutionGraph.java:339)
	at org.gradle.internal.operations.CurrentBuildOperationRef.with(CurrentBuildOperationRef.java:84)
	at org.gradle.execution.taskgraph.DefaultTaskExecutionGraph$BuildOperationAwareExecutionAction.execute(DefaultTaskExecutionGraph.java:339)
	at org.gradle.execution.taskgraph.DefaultTaskExecutionGraph$BuildOperationAwareExecutionAction.execute(DefaultTaskExecutionGraph.java:328)
	at org.gradle.execution.plan.DefaultPlanExecutor$ExecutorWorker.execute(DefaultPlanExecutor.java:459)
	at org.gradle.execution.plan.DefaultPlanExecutor$ExecutorWorker.run(DefaultPlanExecutor.java:376)
	at org.gradle.execution.plan.DefaultPlanExecutor.process(DefaultPlanExecutor.java:111)
	at org.gradle.execution.taskgraph.DefaultTaskExecutionGraph.executeWithServices(DefaultTaskExecutionGraph.java:146)
	at org.gradle.execution.taskgraph.DefaultTaskExecutionGraph.execute(DefaultTaskExecutionGraph.java:131)
	at org.gradle.execution.SelectedTaskExecutionAction.execute(SelectedTaskExecutionAction.java:35)
	at org.gradle.execution.BuildOperationFiringBuildWorkerExecutor$ExecuteTasks.call(BuildOperationFiringBuildWorkerExecutor.java:54)
	at org.gradle.execution.BuildOperationFiringBuildWorkerExecutor$ExecuteTasks.call(BuildOperationFiringBuildWorkerExecutor.java:43)
	at org.gradle.internal.operations.DefaultBuildOperationRunner$CallableBuildOperationWorker.execute(DefaultBuildOperationRunner.java:210)
	at org.gradle.internal.operations.DefaultBuildOperationRunner$CallableBuildOperationWorker.execute(DefaultBuildOperationRunner.java:205)
	at org.gradle.internal.operations.DefaultBuildOperationRunner$2.execute(DefaultBuildOperationRunner.java:67)
	at org.gradle.internal.operations.DefaultBuildOperationRunner$2.execute(DefaultBuildOperationRunner.java:60)
	at org.gradle.internal.operations.DefaultBuildOperationRunner.execute(DefaultBuildOperationRunner.java:167)
	at org.gradle.internal.operations.DefaultBuildOperationRunner.execute(DefaultBuildOperationRunner.java:60)
	at org.gradle.internal.operations.DefaultBuildOperationRunner.call(DefaultBuildOperationRunner.java:54)
	at org.gradle.execution.BuildOperationFiringBuildWorkerExecutor.execute(BuildOperationFiringBuildWorkerExecutor.java:40)
	at org.gradle.internal.build.DefaultBuildLifecycleController.lambda$executeTasks$11(DefaultBuildLifecycleController.java:323)
	at org.gradle.internal.model.StateTransitionController.doTransition(StateTransitionController.java:304)
	at org.gradle.internal.model.StateTransitionController.lambda$tryTransition$9(StateTransitionController.java:215)
	at org.gradle.internal.work.DefaultSynchronizer.withLock(DefaultSynchronizer.java:45)
	at org.gradle.internal.model.StateTransitionController.tryTransition(StateTransitionController.java:215)
	at org.gradle.internal.build.DefaultBuildLifecycleController.executeTasks(DefaultBuildLifecycleController.java:314)
	at org.gradle.internal.build.DefaultBuildWorkGraphController$DefaultBuildWorkGraph.runWork(DefaultBuildWorkGraphController.java:220)
	at org.gradle.internal.work.DefaultWorkerLeaseService.lambda$runAndReleaseLocks$0(DefaultWorkerLeaseService.java:300)
	at org.gradle.internal.work.ResourceLockStatistics$1.measure(ResourceLockStatistics.java:43)
	at org.gradle.internal.work.DefaultWorkerLeaseService.runAndReleaseLocks(DefaultWorkerLeaseService.java:298)
	at org.gradle.internal.work.DefaultWorkerLeaseService.withLocksAcquired(DefaultWorkerLeaseService.java:294)
	at org.gradle.internal.work.DefaultWorkerLeaseService.withLocks(DefaultWorkerLeaseService.java:286)
	at org.gradle.internal.work.DefaultWorkerLeaseService.runAsWorkerThread(DefaultWorkerLeaseService.java:130)
	at org.gradle.composite.internal.DefaultBuildController.doRun(DefaultBuildController.java:182)
	at org.gradle.composite.internal.DefaultBuildController$BuildOpRunnable.lambda$run$0(DefaultBuildController.java:199)
	at org.gradle.internal.operations.CurrentBuildOperationRef.with(CurrentBuildOperationRef.java:84)
	at org.gradle.composite.internal.DefaultBuildController$BuildOpRunnable.run(DefaultBuildController.java:199)
	at org.gradle.internal.concurrent.ExecutorPolicy$CatchAndRecordFailures.onExecute(ExecutorPolicy.java:64)
	at org.gradle.internal.concurrent.AbstractManagedExecutor$1.run(AbstractManagedExecutor.java:47)
Caused by: com.android.builder.errors.EvalIssueException: [CXX1429] error when building with cmake using /mnt/d/workspace/jiran/realm/.omx/team/g008-six-artifact-pub-6fc3cb75/worktrees/worker-1/realm/realm-library/src/main/cpp/CMakeLists.txt: -- The C compiler identification is Clang 21.0.0
-- The CXX compiler identification is Clang 21.0.0
-- Detecting C compiler ABI info
-- Detecting C compiler ABI info - done
-- Check for working C compiler: /home/leminity/Android/Sdk/ndk/29.0.14206865/toolchains/llvm/prebuilt/linux-x86_64/bin/clang - skipped
-- Detecting C compile features
-- Detecting C compile features - done
-- Detecting CXX compiler ABI info
-- Detecting CXX compiler ABI info - done
-- Check for working CXX compiler: /home/leminity/Android/Sdk/ndk/29.0.14206865/toolchains/llvm/prebuilt/linux-x86_64/bin/clang++ - skipped
-- Detecting CXX compile features
-- Detecting CXX compile features - done
-- Found Java: /home/linuxbrew/.linuxbrew/Cellar/openjdk@17/17.0.19/libexec/bin/java (found version "17.0.19") found components: Development
-- Building Realm Core from source...
-- Configuring incomplete, errors occurred!

C++ build system [configure] failed while executing:
    /home/leminity/Android/Sdk/cmake/3.27.7/bin/cmake \
      -H/mnt/d/workspace/jiran/realm/.omx/team/g008-six-artifact-pub-6fc3cb75/worktrees/worker-1/realm/realm-library/src/main/cpp \
      -DCMAKE_SYSTEM_NAME=Android \
      -DCMAKE_EXPORT_COMPILE_COMMANDS=ON \
      -DCMAKE_SYSTEM_VERSION=21 \
      -DANDROID_PLATFORM=android-21 \
      -DANDROID_ABI=arm64-v8a \
      -DCMAKE_ANDROID_ARCH_ABI=arm64-v8a \
      -DANDROID_NDK=/home/leminity/Android/Sdk/ndk/29.0.14206865 \
      -DCMAKE_ANDROID_NDK=/home/leminity/Android/Sdk/ndk/29.0.14206865 \
      -DCMAKE_TOOLCHAIN_FILE=/home/leminity/Android/Sdk/ndk/29.0.14206865/build/cmake/android.toolchain.cmake \
      -DCMAKE_MAKE_PROGRAM=/home/linuxbrew/.linuxbrew/bin/ninja \
      -DCMAKE_LIBRARY_OUTPUT_DIRECTORY=/mnt/d/workspace/jiran/realm/.omx/team/g008-six-artifact-pub-6fc3cb75/worktrees/worker-1/realm/realm-library/build/intermediates/cxx/RelWithDebInfo/383k3k4q/obj/arm64-v8a \
      -DCMAKE_RUNTIME_OUTPUT_DIRECTORY=/mnt/d/workspace/jiran/realm/.omx/team/g008-six-artifact-pub-6fc3cb75/worktrees/worker-1/realm/realm-library/build/intermediates/cxx/RelWithDebInfo/383k3k4q/obj/arm64-v8a \
      -DCMAKE_BUILD_TYPE=RelWithDebInfo \
      -B/mnt/d/workspace/jiran/realm/.omx/team/g008-six-artifact-pub-6fc3cb75/worktrees/worker-1/realm/realm-library/.cxx/RelWithDebInfo/383k3k4q/arm64-v8a \
      -GNinja \
      -DREALM_JAVA_BUILD_CORE_FROM_SOURCE=true \
      -DCMAKE_INTERPROCEDURAL_OPTIMIZATION=true \
      -DREALM_FLAVOR=base
  from /mnt/d/workspace/jiran/realm/.omx/team/g008-six-artifact-pub-6fc3cb75/worktrees/worker-1/realm/realm-library
Build type: RelWithDebInfo
JNI Header directory: /mnt/d/workspace/jiran/realm/.omx/team/g008-six-artifact-pub-6fc3cb75/worktrees/worker-1/realm/realm-library/src/main/cpp/../../../build/intermediates/javac/baseRelease/jni_include
CMake Error at CMakeLists.txt:109 (add_subdirectory):
  The source directory

    /mnt/d/workspace/jiran/realm/.omx/team/g008-six-artifact-pub-6fc3cb75/worktrees/worker-1/realm/realm-library/src/main/cpp/realm-core

  does not contain a CMakeLists.txt file. : com.android.ide.common.process.ProcessException: -- The C compiler identification is Clang 21.0.0
-- The CXX compiler identification is Clang 21.0.0
-- Detecting C compiler ABI info
-- Detecting C compiler ABI info - done
-- Check for working C compiler: /home/leminity/Android/Sdk/ndk/29.0.14206865/toolchains/llvm/prebuilt/linux-x86_64/bin/clang - skipped
-- Detecting C compile features
-- Detecting C compile features - done
-- Detecting CXX compiler ABI info
-- Detecting CXX compiler ABI info - done
-- Check for working CXX compiler: /home/leminity/Android/Sdk/ndk/29.0.14206865/toolchains/llvm/prebuilt/linux-x86_64/bin/clang++ - skipped
-- Detecting CXX compile features
-- Detecting CXX compile features - done
-- Found Java: /home/linuxbrew/.linuxbrew/Cellar/openjdk@17/17.0.19/libexec/bin/java (found version "17.0.19") found components: Development
-- Building Realm Core from source...
-- Configuring incomplete, errors occurred!

C++ build system [configure] failed while executing:
    /home/leminity/Android/Sdk/cmake/3.27.7/bin/cmake \
      -H/mnt/d/workspace/jiran/realm/.omx/team/g008-six-artifact-pub-6fc3cb75/worktrees/worker-1/realm/realm-library/src/main/cpp \
      -DCMAKE_SYSTEM_NAME=Android \
      -DCMAKE_EXPORT_COMPILE_COMMANDS=ON \
      -DCMAKE_SYSTEM_VERSION=21 \
      -DANDROID_PLATFORM=android-21 \
      -DANDROID_ABI=arm64-v8a \
      -DCMAKE_ANDROID_ARCH_ABI=arm64-v8a \
      -DANDROID_NDK=/home/leminity/Android/Sdk/ndk/29.0.14206865 \
      -DCMAKE_ANDROID_NDK=/home/leminity/Android/Sdk/ndk/29.0.14206865 \
      -DCMAKE_TOOLCHAIN_FILE=/home/leminity/Android/Sdk/ndk/29.0.14206865/build/cmake/android.toolchain.cmake \
      -DCMAKE_MAKE_PROGRAM=/home/linuxbrew/.linuxbrew/bin/ninja \
      -DCMAKE_LIBRARY_OUTPUT_DIRECTORY=/mnt/d/workspace/jiran/realm/.omx/team/g008-six-artifact-pub-6fc3cb75/worktrees/worker-1/realm/realm-library/build/intermediates/cxx/RelWithDebInfo/383k3k4q/obj/arm64-v8a \
      -DCMAKE_RUNTIME_OUTPUT_DIRECTORY=/mnt/d/workspace/jiran/realm/.omx/team/g008-six-artifact-pub-6fc3cb75/worktrees/worker-1/realm/realm-library/build/intermediates/cxx/RelWithDebInfo/383k3k4q/obj/arm64-v8a \
      -DCMAKE_BUILD_TYPE=RelWithDebInfo \
      -B/mnt/d/workspace/jiran/realm/.omx/team/g008-six-artifact-pub-6fc3cb75/worktrees/worker-1/realm/realm-library/.cxx/RelWithDebInfo/383k3k4q/arm64-v8a \
      -GNinja \
      -DREALM_JAVA_BUILD_CORE_FROM_SOURCE=true \
      -DCMAKE_INTERPROCEDURAL_OPTIMIZATION=true \
      -DREALM_FLAVOR=base
  from /mnt/d/workspace/jiran/realm/.omx/team/g008-six-artifact-pub-6fc3cb75/worktrees/worker-1/realm/realm-library
Build type: RelWithDebInfo
JNI Header directory: /mnt/d/workspace/jiran/realm/.omx/team/g008-six-artifact-pub-6fc3cb75/worktrees/worker-1/realm/realm-library/src/main/cpp/../../../build/intermediates/javac/baseRelease/jni_include
CMake Error at CMakeLists.txt:109 (add_subdirectory):
  The source directory

    /mnt/d/workspace/jiran/realm/.omx/team/g008-six-artifact-pub-6fc3cb75/worktrees/worker-1/realm/realm-library/src/main/cpp/realm-core

  does not contain a CMakeLists.txt file.
	at com.android.build.gradle.internal.cxx.process.ExecuteProcessKt.execute(ExecuteProcess.kt:271)
	at com.android.build.gradle.internal.cxx.process.ExecuteProcessKt$executeProcess$1.invoke(ExecuteProcess.kt:98)
	at com.android.build.gradle.internal.cxx.process.ExecuteProcessKt$executeProcess$1.invoke(ExecuteProcess.kt:96)
	at com.android.build.gradle.internal.cxx.timing.TimingEnvironmentKt.time(TimingEnvironment.kt:28)
	at com.android.build.gradle.internal.cxx.process.ExecuteProcessKt.executeProcess(ExecuteProcess.kt:96)
	at com.android.build.gradle.internal.cxx.process.ExecuteProcessKt.executeProcess$default(ExecuteProcess.kt:73)
	at com.android.build.gradle.tasks.CmakeQueryMetadataGenerator.executeProcess(CmakeFileApiMetadataGenerator.kt:55)
	at com.android.build.gradle.tasks.ExternalNativeJsonGenerator$configureOneAbi$1$1$3.invoke(ExternalNativeJsonGenerator.kt:225)
	at com.android.build.gradle.tasks.ExternalNativeJsonGenerator$configureOneAbi$1$1$3.invoke(ExternalNativeJsonGenerator.kt:225)
	at com.android.build.gradle.internal.cxx.timing.TimingEnvironmentKt.time(TimingEnvironment.kt:28)
	at com.android.build.gradle.tasks.ExternalNativeJsonGenerator.configureOneAbi(ExternalNativeJsonGenerator.kt:225)
	at com.android.build.gradle.tasks.ExternalNativeJsonGenerator.configure(ExternalNativeJsonGenerator.kt:107)
	at com.android.build.gradle.tasks.ExternalNativeBuildJsonTask.doTaskAction(ExternalNativeBuildJsonTask.kt:76)
	at com.android.build.gradle.internal.tasks.UnsafeOutputsTask$taskAction$$inlined$recordTaskAction$1.invoke(BaseTask.kt:71)
	at com.android.build.gradle.internal.tasks.Blocks.recordSpan(Blocks.java:51)
	at com.android.build.gradle.internal.tasks.UnsafeOutputsTask.taskAction(UnsafeOutputsTask.kt:72)
	at java.base/jdk.internal.reflect.NativeMethodAccessorImpl.invoke0(Native Method)
	at java.base/jdk.internal.reflect.NativeMethodAccessorImpl.invoke(NativeMethodAccessorImpl.java:77)
	at java.base/jdk.internal.reflect.DelegatingMethodAccessorImpl.invoke(DelegatingMethodAccessorImpl.java:43)
	at java.base/java.lang.reflect.Method.invoke(Method.java:569)
	at org.gradle.internal.reflect.JavaMethod.invoke(JavaMethod.java:125)
	at org.gradle.api.internal.project.taskfactory.StandardTaskAction.doExecute(StandardTaskAction.java:58)
	at org.gradle.api.internal.project.taskfactory.StandardTaskAction.execute(StandardTaskAction.java:51)
	at org.gradle.api.internal.project.taskfactory.StandardTaskAction.execute(StandardTaskAction.java:29)
	at org.gradle.api.internal.tasks.execution.TaskExecution$3.run(TaskExecution.java:259)
	at org.gradle.internal.operations.DefaultBuildOperationRunner$1.execute(DefaultBuildOperationRunner.java:30)
	at org.gradle.internal.operations.DefaultBuildOperationRunner$1.execute(DefaultBuildOperationRunner.java:27)
	at org.gradle.internal.operations.DefaultBuildOperationRunner$2.execute(DefaultBuildOperationRunner.java:67)
	at org.gradle.internal.operations.DefaultBuildOperationRunner$2.execute(DefaultBuildOperationRunner.java:60)
	at org.gradle.internal.operations.DefaultBuildOperationRunner.execute(DefaultBuildOperationRunner.java:167)
	at org.gradle.internal.operations.DefaultBuildOperationRunner.execute(DefaultBuildOperationRunner.java:60)
	at org.gradle.internal.operations.DefaultBuildOperationRunner.run(DefaultBuildOperationRunner.java:48)
	at org.gradle.api.internal.tasks.execution.TaskExecution.executeAction(TaskExecution.java:244)
	at org.gradle.api.internal.tasks.execution.TaskExecution.executeActions(TaskExecution.java:227)
	at org.gradle.api.internal.tasks.execution.TaskExecution.executeWithPreviousOutputFiles(TaskExecution.java:210)
	at org.gradle.api.internal.tasks.execution.TaskExecution.execute(TaskExecution.java:176)
	at org.gradle.internal.execution.steps.ExecuteStep.executeInternal(ExecuteStep.java:167)
	at org.gradle.internal.execution.steps.ExecuteStep.access$000(ExecuteStep.java:47)
	at org.gradle.internal.execution.steps.ExecuteStep$1.call(ExecuteStep.java:137)
	at org.gradle.internal.execution.steps.ExecuteStep$1.call(ExecuteStep.java:134)
	at org.gradle.internal.operations.DefaultBuildOperationRunner$CallableBuildOperationWorker.execute(DefaultBuildOperationRunner.java:210)
	at org.gradle.internal.operations.DefaultBuildOperationRunner$CallableBuildOperationWorker.execute(DefaultBuildOperationRunner.java:205)
	at org.gradle.internal.operations.DefaultBuildOperationRunner$2.execute(DefaultBuildOperationRunner.java:67)
	at org.gradle.internal.operations.DefaultBuildOperationRunner$2.execute(DefaultBuildOperationRunner.java:60)
	at org.gradle.internal.operations.DefaultBuildOperationRunner.execute(DefaultBuildOperationRunner.java:167)
	at org.gradle.internal.operations.DefaultBuildOperationRunner.execute(DefaultBuildOperationRunner.java:60)
	at org.gradle.internal.operations.DefaultBuildOperationRunner.call(DefaultBuildOperationRunner.java:54)
	at org.gradle.internal.execution.steps.ExecuteStep.execute(ExecuteStep.java:134)
	at org.gradle.internal.execution.steps.ExecuteStep$Mutable.execute(ExecuteStep.java:80)
	at org.gradle.internal.execution.steps.CancelExecutionStep.execute(CancelExecutionStep.java:42)
	at org.gradle.internal.execution.steps.TimeoutStep.executeWithoutTimeout(TimeoutStep.java:75)
	at org.gradle.internal.execution.steps.TimeoutStep.execute(TimeoutStep.java:55)
	at org.gradle.internal.execution.steps.PreCreateOutputParentsStep.execute(PreCreateOutputParentsStep.java:51)
	at org.gradle.internal.execution.steps.PreCreateOutputParentsStep.execute(PreCreateOutputParentsStep.java:29)
	at org.gradle.internal.execution.steps.RemovePreviousOutputsStep.executeMutable(RemovePreviousOutputsStep.java:67)
	at org.gradle.internal.execution.steps.RemovePreviousOutputsStep.executeMutable(RemovePreviousOutputsStep.java:39)
	at org.gradle.internal.execution.steps.MutableStep.execute(MutableStep.java:26)
	at org.gradle.internal.execution.steps.BroadcastChangingOutputsStep.execute(BroadcastChangingOutputsStep.java:42)
	at org.gradle.internal.execution.steps.BroadcastChangingOutputsStep.execute(BroadcastChangingOutputsStep.java:24)
	at org.gradle.internal.execution.steps.CaptureOutputsAfterExecutionStep.execute(CaptureOutputsAfterExecutionStep.java:69)
	at org.gradle.internal.execution.steps.CaptureOutputsAfterExecutionStep.execute(CaptureOutputsAfterExecutionStep.java:46)
	at org.gradle.internal.execution.steps.ResolveInputChangesStep.executeMutable(ResolveInputChangesStep.java:39)
	at org.gradle.internal.execution.steps.ResolveInputChangesStep.executeMutable(ResolveInputChangesStep.java:28)
	at org.gradle.internal.execution.steps.MutableStep.execute(MutableStep.java:26)
	at org.gradle.internal.execution.steps.BuildCacheStep.executeWithoutCache(BuildCacheStep.java:189)
	at org.gradle.internal.execution.steps.BuildCacheStep.lambda$execute$1(BuildCacheStep.java:76)
	at org.gradle.internal.Either$Right.fold(Either.java:176)
	at org.gradle.internal.execution.caching.CachingState.fold(CachingState.java:62)
	at org.gradle.internal.execution.steps.BuildCacheStep.execute(BuildCacheStep.java:74)
	at org.gradle.internal.execution.steps.BuildCacheStep.execute(BuildCacheStep.java:49)
	at org.gradle.internal.execution.steps.StoreExecutionStateStep.executeMutable(StoreExecutionStateStep.java:46)
	at org.gradle.internal.execution.steps.StoreExecutionStateStep.executeMutable(StoreExecutionStateStep.java:35)
	at org.gradle.internal.execution.steps.MutableStep.execute(MutableStep.java:26)
	at org.gradle.internal.execution.steps.SkipUpToDateStep.executeBecause(SkipUpToDateStep.java:75)
	at org.gradle.internal.execution.steps.SkipUpToDateStep.lambda$execute$2(SkipUpToDateStep.java:53)
	at java.base/java.util.Optional.orElseGet(Optional.java:364)
	at org.gradle.internal.execution.steps.SkipUpToDateStep.execute(SkipUpToDateStep.java:53)
	at org.gradle.internal.execution.steps.SkipUpToDateStep.execute(SkipUpToDateStep.java:35)
	at org.gradle.internal.execution.steps.legacy.MarkSnapshottingInputsFinishedStep.execute(MarkSnapshottingInputsFinishedStep.java:37)
	at org.gradle.internal.execution.steps.legacy.MarkSnapshottingInputsFinishedStep.execute(MarkSnapshottingInputsFinishedStep.java:27)
	at org.gradle.internal.execution.steps.ResolveMutableCachingStateStep.executeDelegate(ResolveMutableCachingStateStep.java:70)
	at org.gradle.internal.execution.steps.ResolveMutableCachingStateStep.executeDelegate(ResolveMutableCachingStateStep.java:32)
	at org.gradle.internal.execution.steps.AbstractResolveCachingStateStep.execute(AbstractResolveCachingStateStep.java:69)
	at org.gradle.internal.execution.steps.AbstractResolveCachingStateStep.execute(AbstractResolveCachingStateStep.java:37)
	at org.gradle.internal.execution.steps.ResolveChangesStep.executeMutable(ResolveChangesStep.java:63)
	at org.gradle.internal.execution.steps.ResolveChangesStep.executeMutable(ResolveChangesStep.java:34)
	at org.gradle.internal.execution.steps.MutableStep.execute(MutableStep.java:26)
	at org.gradle.internal.execution.steps.ValidateStep$Mutable.executeDelegate(ValidateStep.java:79)
	at org.gradle.internal.execution.steps.ValidateStep$Mutable.executeDelegate(ValidateStep.java:65)
	at org.gradle.internal.execution.steps.ValidateStep.execute(ValidateStep.java:105)
	at org.gradle.internal.execution.steps.ValidateStep$Mutable.execute(ValidateStep.java:65)
	at org.gradle.internal.execution.steps.CaptureMutableStateBeforeExecutionStep.executeMutable(CaptureMutableStateBeforeExecutionStep.java:86)
	at org.gradle.internal.execution.steps.CaptureMutableStateBeforeExecutionStep.execute(CaptureMutableStateBeforeExecutionStep.java:65)
	at org.gradle.internal.execution.steps.CaptureMutableStateBeforeExecutionStep.execute(CaptureMutableStateBeforeExecutionStep.java:45)
	at org.gradle.internal.execution.steps.SkipEmptyMutableWorkStep.executeWithNonEmptySources(SkipEmptyMutableWorkStep.java:210)
	at org.gradle.internal.execution.steps.SkipEmptyMutableWorkStep.executeMutable(SkipEmptyMutableWorkStep.java:85)
	at org.gradle.internal.execution.steps.SkipEmptyMutableWorkStep.executeMutable(SkipEmptyMutableWorkStep.java:53)
	at org.gradle.internal.execution.steps.MutableStep.execute(MutableStep.java:26)
	at org.gradle.internal.execution.steps.legacy.MarkSnapshottingInputsStartedStep.execute(MarkSnapshottingInputsStartedStep.java:38)
	at org.gradle.internal.execution.steps.LoadPreviousExecutionStateStep.executeMutable(LoadPreviousExecutionStateStep.java:36)
	at org.gradle.internal.execution.steps.LoadPreviousExecutionStateStep.executeMutable(LoadPreviousExecutionStateStep.java:23)
	at org.gradle.internal.execution.steps.MutableStep.execute(MutableStep.java:26)
	at org.gradle.internal.execution.steps.HandleStaleOutputsStep.executeMutable(HandleStaleOutputsStep.java:77)
	at org.gradle.internal.execution.steps.HandleStaleOutputsStep.executeMutable(HandleStaleOutputsStep.java:43)
	at org.gradle.internal.execution.steps.MutableStep.execute(MutableStep.java:26)
	at org.gradle.internal.execution.steps.AssignMutableWorkspaceStep.lambda$executeMutable$0(AssignMutableWorkspaceStep.java:34)
	at org.gradle.api.internal.tasks.execution.TaskExecution$4.withWorkspace(TaskExecution.java:305)
	at org.gradle.internal.execution.steps.AssignMutableWorkspaceStep.executeMutable(AssignMutableWorkspaceStep.java:30)
	at org.gradle.internal.execution.steps.AssignMutableWorkspaceStep.executeMutable(AssignMutableWorkspaceStep.java:21)
	at org.gradle.internal.execution.steps.MutableStep.execute(MutableStep.java:26)
	at org.gradle.internal.execution.steps.ChoosePipelineStep.execute(ChoosePipelineStep.java:40)
	at org.gradle.internal.execution.steps.ChoosePipelineStep.execute(ChoosePipelineStep.java:23)
	at org.gradle.internal.execution.steps.ExecuteWorkBuildOperationFiringStep.lambda$execute$2(ExecuteWorkBuildOperationFiringStep.java:67)
	at java.base/java.util.Optional.orElseGet(Optional.java:364)
	at org.gradle.internal.execution.steps.ExecuteWorkBuildOperationFiringStep.execute(ExecuteWorkBuildOperationFiringStep.java:67)
	at org.gradle.internal.execution.steps.ExecuteWorkBuildOperationFiringStep.execute(ExecuteWorkBuildOperationFiringStep.java:39)
	at org.gradle.internal.execution.steps.IdentityCacheStep.execute(IdentityCacheStep.java:46)
	at org.gradle.internal.execution.steps.IdentityCacheStep.execute(IdentityCacheStep.java:34)
	at org.gradle.internal.execution.steps.IdentifyStep.execute(IdentifyStep.java:56)
	at org.gradle.internal.execution.steps.IdentifyStep.execute(IdentifyStep.java:38)
	at org.gradle.internal.execution.impl.DefaultExecutionEngine$1.execute(DefaultExecutionEngine.java:68)
	at org.gradle.api.internal.tasks.execution.ExecuteActionsTaskExecuter.executeIfValid(ExecuteActionsTaskExecuter.java:132)
	at org.gradle.api.internal.tasks.execution.ExecuteActionsTaskExecuter.execute(ExecuteActionsTaskExecuter.java:121)
	at org.gradle.api.internal.tasks.execution.ProblemsTaskPathTrackingTaskExecuter.execute(ProblemsTaskPathTrackingTaskExecuter.java:41)
	at org.gradle.api.internal.tasks.execution.ResolveTaskExecutionModeExecuter.execute(ResolveTaskExecutionModeExecuter.java:51)
	at org.gradle.api.internal.tasks.execution.FinalizePropertiesTaskExecuter.execute(FinalizePropertiesTaskExecuter.java:46)
	at org.gradle.api.internal.tasks.execution.SkipTaskWithNoActionsExecuter.execute(SkipTaskWithNoActionsExecuter.java:57)
	at org.gradle.api.internal.tasks.execution.SkipOnlyIfTaskExecuter.execute(SkipOnlyIfTaskExecuter.java:74)
	at org.gradle.api.internal.tasks.execution.CatchExceptionTaskExecuter.execute(CatchExceptionTaskExecuter.java:36)
	at org.gradle.api.internal.tasks.execution.EventFiringTaskExecuter$1.executeTask(EventFiringTaskExecuter.java:77)
	at org.gradle.api.internal.tasks.execution.EventFiringTaskExecuter$1.call(EventFiringTaskExecuter.java:55)
	at org.gradle.api.internal.tasks.execution.EventFiringTaskExecuter$1.call(EventFiringTaskExecuter.java:52)
	at org.gradle.internal.operations.DefaultBuildOperationRunner$CallableBuildOperationWorker.execute(DefaultBuildOperationRunner.java:210)
	at org.gradle.internal.operations.DefaultBuildOperationRunner$CallableBuildOperationWorker.execute(DefaultBuildOperationRunner.java:205)
	at org.gradle.internal.operations.DefaultBuildOperationRunner$2.execute(DefaultBuildOperationRunner.java:67)
	at org.gradle.internal.operations.DefaultBuildOperationRunner$2.execute(DefaultBuildOperationRunner.java:60)
	at org.gradle.internal.operations.DefaultBuildOperationRunner.execute(DefaultBuildOperationRunner.java:167)
	at org.gradle.internal.operations.DefaultBuildOperationRunner.execute(DefaultBuildOperationRunner.java:60)
	at org.gradle.internal.operations.DefaultBuildOperationRunner.call(DefaultBuildOperationRunner.java:54)
	at org.gradle.api.internal.tasks.execution.EventFiringTaskExecuter.execute(EventFiringTaskExecuter.java:52)
	at org.gradle.execution.plan.DefaultNodeExecutor.executeLocalTaskNode(DefaultNodeExecutor.java:55)
	at org.gradle.execution.plan.DefaultNodeExecutor.execute(DefaultNodeExecutor.java:34)
	at org.gradle.execution.taskgraph.DefaultTaskExecutionGraph$InvokeNodeExecutorsAction.execute(DefaultTaskExecutionGraph.java:355)
	at org.gradle.execution.taskgraph.DefaultTaskExecutionGraph$InvokeNodeExecutorsAction.execute(DefaultTaskExecutionGraph.java:343)
	at org.gradle.execution.taskgraph.DefaultTaskExecutionGraph$BuildOperationAwareExecutionAction.lambda$execute$0(DefaultTaskExecutionGraph.java:339)
	at org.gradle.internal.operations.CurrentBuildOperationRef.with(CurrentBuildOperationRef.java:84)
	at org.gradle.execution.taskgraph.DefaultTaskExecutionGraph$BuildOperationAwareExecutionAction.execute(DefaultTaskExecutionGraph.java:339)
	at org.gradle.execution.taskgraph.DefaultTaskExecutionGraph$BuildOperationAwareExecutionAction.execute(DefaultTaskExecutionGraph.java:328)
	at org.gradle.execution.plan.DefaultPlanExecutor$ExecutorWorker.execute(DefaultPlanExecutor.java:459)
	at org.gradle.execution.plan.DefaultPlanExecutor$ExecutorWorker.run(DefaultPlanExecutor.java:376)
	at org.gradle.execution.plan.DefaultPlanExecutor.process(DefaultPlanExecutor.java:111)
	at org.gradle.execution.taskgraph.DefaultTaskExecutionGraph.executeWithServices(DefaultTaskExecutionGraph.java:146)
	at org.gradle.execution.taskgraph.DefaultTaskExecutionGraph.execute(DefaultTaskExecutionGraph.java:131)
	at org.gradle.execution.SelectedTaskExecutionAction.execute(SelectedTaskExecutionAction.java:35)
	at org.gradle.execution.BuildOperationFiringBuildWorkerExecutor$ExecuteTasks.call(BuildOperationFiringBuildWorkerExecutor.java:54)
	at org.gradle.execution.BuildOperationFiringBuildWorkerExecutor$ExecuteTasks.call(BuildOperationFiringBuildWorkerExecutor.java:43)
	at org.gradle.internal.operations.DefaultBuildOperationRunner$CallableBuildOperationWorker.execute(DefaultBuildOperationRunner.java:210)
	at org.gradle.internal.operations.DefaultBuildOperationRunner$CallableBuildOperationWorker.execute(DefaultBuildOperationRunner.java:205)
	at org.gradle.internal.operations.DefaultBuildOperationRunner$2.execute(DefaultBuildOperationRunner.java:67)
	at org.gradle.internal.operations.DefaultBuildOperationRunner$2.execute(DefaultBuildOperationRunner.java:60)
	at org.gradle.internal.operations.DefaultBuildOperationRunner.execute(DefaultBuildOperationRunner.java:167)
	at org.gradle.internal.operations.DefaultBuildOperationRunner.execute(DefaultBuildOperationRunner.java:60)
	at org.gradle.internal.operations.DefaultBuildOperationRunner.call(DefaultBuildOperationRunner.java:54)
	at org.gradle.execution.BuildOperationFiringBuildWorkerExecutor.execute(BuildOperationFiringBuildWorkerExecutor.java:40)
	at org.gradle.internal.build.DefaultBuildLifecycleController.lambda$executeTasks$11(DefaultBuildLifecycleController.java:323)
	at org.gradle.internal.model.StateTransitionController.doTransition(StateTransitionController.java:304)
	at org.gradle.internal.model.StateTransitionController.lambda$tryTransition$9(StateTransitionController.java:215)
	at org.gradle.internal.work.DefaultSynchronizer.withLock(DefaultSynchronizer.java:45)
	at org.gradle.internal.model.StateTransitionController.tryTransition(StateTransitionController.java:215)
	at org.gradle.internal.build.DefaultBuildLifecycleController.executeTasks(DefaultBuildLifecycleController.java:314)
	at org.gradle.internal.build.DefaultBuildWorkGraphController$DefaultBuildWorkGraph.runWork(DefaultBuildWorkGraphController.java:220)
	at org.gradle.internal.work.DefaultWorkerLeaseService.lambda$runAndReleaseLocks$0(DefaultWorkerLeaseService.java:300)
	at org.gradle.internal.work.ResourceLockStatistics$1.measure(ResourceLockStatistics.java:43)
	at org.gradle.internal.work.DefaultWorkerLeaseService.runAndReleaseLocks(DefaultWorkerLeaseService.java:298)
	at org.gradle.internal.work.DefaultWorkerLeaseService.withLocksAcquired(DefaultWorkerLeaseService.java:294)
	at org.gradle.internal.work.DefaultWorkerLeaseService.withLocks(DefaultWorkerLeaseService.java:286)
	at org.gradle.internal.work.DefaultWorkerLeaseService.runAsWorkerThread(DefaultWorkerLeaseService.java:130)
	at org.gradle.composite.internal.DefaultBuildController.doRun(DefaultBuildController.java:182)
	at org.gradle.composite.internal.DefaultBuildController$BuildOpRunnable.lambda$run$0(DefaultBuildController.java:199)
	at org.gradle.internal.operations.CurrentBuildOperationRef.with(CurrentBuildOperationRef.java:84)
	at org.gradle.composite.internal.DefaultBuildController$BuildOpRunnable.run(DefaultBuildController.java:199)
	at java.base/java.util.concurrent.Executors$RunnableAdapter.call(Executors.java:539)
	at java.base/java.util.concurrent.FutureTask.run(FutureTask.java:264)
	at org.gradle.internal.concurrent.ExecutorPolicy$CatchAndRecordFailures.onExecute(ExecutorPolicy.java:64)
	at org.gradle.internal.concurrent.AbstractManagedExecutor$1.run(AbstractManagedExecutor.java:47)
	at java.base/java.util.concurrent.ThreadPoolExecutor.runWorker(ThreadPoolExecutor.java:1136)
	at java.base/java.util.concurrent.ThreadPoolExecutor$Worker.run(ThreadPoolExecutor.java:635)
	at java.base/java.lang.Thread.run(Thread.java:840)
Caused by: com.android.ide.common.process.ProcessException: Error while executing process /home/leminity/Android/Sdk/cmake/3.27.7/bin/cmake with arguments {-H/mnt/d/workspace/jiran/realm/.omx/team/g008-six-artifact-pub-6fc3cb75/worktrees/worker-1/realm/realm-library/src/main/cpp -DCMAKE_SYSTEM_NAME=Android -DCMAKE_EXPORT_COMPILE_COMMANDS=ON -DCMAKE_SYSTEM_VERSION=21 -DANDROID_PLATFORM=android-21 -DANDROID_ABI=arm64-v8a -DCMAKE_ANDROID_ARCH_ABI=arm64-v8a -DANDROID_NDK=/home/leminity/Android/Sdk/ndk/29.0.14206865 -DCMAKE_ANDROID_NDK=/home/leminity/Android/Sdk/ndk/29.0.14206865 -DCMAKE_TOOLCHAIN_FILE=/home/leminity/Android/Sdk/ndk/29.0.14206865/build/cmake/android.toolchain.cmake -DCMAKE_MAKE_PROGRAM=/home/linuxbrew/.linuxbrew/bin/ninja -DCMAKE_LIBRARY_OUTPUT_DIRECTORY=/mnt/d/workspace/jiran/realm/.omx/team/g008-six-artifact-pub-6fc3cb75/worktrees/worker-1/realm/realm-library/build/intermediates/cxx/RelWithDebInfo/383k3k4q/obj/arm64-v8a -DCMAKE_RUNTIME_OUTPUT_DIRECTORY=/mnt/d/workspace/jiran/realm/.omx/team/g008-six-artifact-pub-6fc3cb75/worktrees/worker-1/realm/realm-library/build/intermediates/cxx/RelWithDebInfo/383k3k4q/obj/arm64-v8a -DCMAKE_BUILD_TYPE=RelWithDebInfo -B/mnt/d/workspace/jiran/realm/.omx/team/g008-six-artifact-pub-6fc3cb75/worktrees/worker-1/realm/realm-library/.cxx/RelWithDebInfo/383k3k4q/arm64-v8a -GNinja -DREALM_JAVA_BUILD_CORE_FROM_SOURCE=true -DCMAKE_INTERPROCEDURAL_OPTIMIZATION=true -DREALM_FLAVOR=base}
	at com.android.build.gradle.internal.process.GradleProcessResult.buildProcessException(GradleProcessResult.java:73)
	at com.android.build.gradle.internal.process.GradleProcessResult.assertNormalExitValue(GradleProcessResult.java:48)
	at com.android.build.gradle.internal.cxx.process.ExecuteProcessKt.execute(ExecuteProcess.kt:258)
	... 187 more
Caused by: org.gradle.process.ProcessExecutionException: Process 'command '/home/leminity/Android/Sdk/cmake/3.27.7/bin/cmake'' finished with non-zero exit value 1
	at org.gradle.process.internal.DefaultExecHandle$ExecResultImpl.assertNormalExitValue(DefaultExecHandle.java:460)
	at com.android.build.gradle.internal.process.GradleProcessResult.assertNormalExitValue(GradleProcessResult.java:46)
	... 188 more

	at com.android.builder.errors.IssueReporter.reportError(IssueReporter.kt:112)
	at com.android.builder.errors.IssueReporter.reportError$default(IssueReporter.kt:110)
	at com.android.build.gradle.internal.cxx.logging.IssueReporterLoggingEnvironment.log(IssueReporterLoggingEnvironment.kt:110)
	at com.android.build.gradle.internal.cxx.logging.ThreadLoggingEnvironment$Companion.reportFormattedErrorToCurrentLogger(LoggingEnvironment.kt:173)
	at com.android.build.gradle.internal.cxx.logging.LoggingEnvironmentKt.errorln(LoggingEnvironment.kt:55)
	at com.android.build.gradle.tasks.ExternalNativeJsonGenerator.configure(ExternalNativeJsonGenerator.kt:111)
	at com.android.build.gradle.tasks.ExternalNativeBuildJsonTask.doTaskAction(ExternalNativeBuildJsonTask.kt:76)
	at com.android.build.gradle.internal.tasks.UnsafeOutputsTask$taskAction$$inlined$recordTaskAction$1.invoke(BaseTask.kt:71)
	at com.android.build.gradle.internal.tasks.Blocks.recordSpan(Blocks.java:51)
	at com.android.build.gradle.internal.tasks.UnsafeOutputsTask.taskAction(UnsafeOutputsTask.kt:72)
	at org.gradle.internal.reflect.JavaMethod.invoke(JavaMethod.java:125)
	at org.gradle.api.internal.project.taskfactory.StandardTaskAction.doExecute(StandardTaskAction.java:58)
	at org.gradle.api.internal.project.taskfactory.StandardTaskAction.execute(StandardTaskAction.java:51)
	at org.gradle.api.internal.project.taskfactory.StandardTaskAction.execute(StandardTaskAction.java:29)
	at org.gradle.api.internal.tasks.execution.TaskExecution$3.run(TaskExecution.java:259)
	at org.gradle.internal.operations.DefaultBuildOperationRunner$1.execute(DefaultBuildOperationRunner.java:30)
	at org.gradle.internal.operations.DefaultBuildOperationRunner$1.execute(DefaultBuildOperationRunner.java:27)
	at org.gradle.internal.operations.DefaultBuildOperationRunner$2.execute(DefaultBuildOperationRunner.java:67)
	at org.gradle.internal.operations.DefaultBuildOperationRunner$2.execute(DefaultBuildOperationRunner.java:60)
	at org.gradle.internal.operations.DefaultBuildOperationRunner.execute(DefaultBuildOperationRunner.java:167)
	at org.gradle.internal.operations.DefaultBuildOperationRunner.execute(DefaultBuildOperationRunner.java:60)
	at org.gradle.internal.operations.DefaultBuildOperationRunner.run(DefaultBuildOperationRunner.java:48)
	at org.gradle.api.internal.tasks.execution.TaskExecution.executeAction(TaskExecution.java:244)
	at org.gradle.api.internal.tasks.execution.TaskExecution.executeActions(TaskExecution.java:227)
	at org.gradle.api.internal.tasks.execution.TaskExecution.executeWithPreviousOutputFiles(TaskExecution.java:210)
	at org.gradle.api.internal.tasks.execution.TaskExecution.execute(TaskExecution.java:176)
	at org.gradle.internal.execution.steps.ExecuteStep.executeInternal(ExecuteStep.java:167)
	at org.gradle.internal.execution.steps.ExecuteStep.access$000(ExecuteStep.java:47)
	at org.gradle.internal.execution.steps.ExecuteStep$1.call(ExecuteStep.java:137)
	at org.gradle.internal.execution.steps.ExecuteStep$1.call(ExecuteStep.java:134)
	at org.gradle.internal.operations.DefaultBuildOperationRunner$CallableBuildOperationWorker.execute(DefaultBuildOperationRunner.java:210)
	at org.gradle.internal.operations.DefaultBuildOperationRunner$CallableBuildOperationWorker.execute(DefaultBuildOperationRunner.java:205)
	at org.gradle.internal.operations.DefaultBuildOperationRunner$2.execute(DefaultBuildOperationRunner.java:67)
	at org.gradle.internal.operations.DefaultBuildOperationRunner$2.execute(DefaultBuildOperationRunner.java:60)
	at org.gradle.internal.operations.DefaultBuildOperationRunner.execute(DefaultBuildOperationRunner.java:167)
	at org.gradle.internal.operations.DefaultBuildOperationRunner.execute(DefaultBuildOperationRunner.java:60)
	at org.gradle.internal.operations.DefaultBuildOperationRunner.call(DefaultBuildOperationRunner.java:54)
	at org.gradle.internal.execution.steps.ExecuteStep.execute(ExecuteStep.java:134)
	at org.gradle.internal.execution.steps.ExecuteStep$Mutable.execute(ExecuteStep.java:80)
	at org.gradle.internal.execution.steps.CancelExecutionStep.execute(CancelExecutionStep.java:42)
	at org.gradle.internal.execution.steps.TimeoutStep.executeWithoutTimeout(TimeoutStep.java:75)
	at org.gradle.internal.execution.steps.TimeoutStep.execute(TimeoutStep.java:55)
	at org.gradle.internal.execution.steps.PreCreateOutputParentsStep.execute(PreCreateOutputParentsStep.java:51)
	at org.gradle.internal.execution.steps.PreCreateOutputParentsStep.execute(PreCreateOutputParentsStep.java:29)
	at org.gradle.internal.execution.steps.RemovePreviousOutputsStep.executeMutable(RemovePreviousOutputsStep.java:67)
	at org.gradle.internal.execution.steps.RemovePreviousOutputsStep.executeMutable(RemovePreviousOutputsStep.java:39)
	at org.gradle.internal.execution.steps.MutableStep.execute(MutableStep.java:26)
	at org.gradle.internal.execution.steps.BroadcastChangingOutputsStep.execute(BroadcastChangingOutputsStep.java:42)
	at org.gradle.internal.execution.steps.BroadcastChangingOutputsStep.execute(BroadcastChangingOutputsStep.java:24)
	at org.gradle.internal.execution.steps.CaptureOutputsAfterExecutionStep.execute(CaptureOutputsAfterExecutionStep.java:69)
	at org.gradle.internal.execution.steps.CaptureOutputsAfterExecutionStep.execute(CaptureOutputsAfterExecutionStep.java:46)
	at org.gradle.internal.execution.steps.ResolveInputChangesStep.executeMutable(ResolveInputChangesStep.java:39)
	at org.gradle.internal.execution.steps.ResolveInputChangesStep.executeMutable(ResolveInputChangesStep.java:28)
	at org.gradle.internal.execution.steps.MutableStep.execute(MutableStep.java:26)
	at org.gradle.internal.execution.steps.BuildCacheStep.executeWithoutCache(BuildCacheStep.java:189)
	at org.gradle.internal.execution.steps.BuildCacheStep.lambda$execute$1(BuildCacheStep.java:76)
	at org.gradle.internal.Either$Right.fold(Either.java:176)
	at org.gradle.internal.execution.caching.CachingState.fold(CachingState.java:62)
	at org.gradle.internal.execution.steps.BuildCacheStep.execute(BuildCacheStep.java:74)
	at org.gradle.internal.execution.steps.BuildCacheStep.execute(BuildCacheStep.java:49)
	at org.gradle.internal.execution.steps.StoreExecutionStateStep.executeMutable(StoreExecutionStateStep.java:46)
	at org.gradle.internal.execution.steps.StoreExecutionStateStep.executeMutable(StoreExecutionStateStep.java:35)
	at org.gradle.internal.execution.steps.MutableStep.execute(MutableStep.java:26)
	at org.gradle.internal.execution.steps.SkipUpToDateStep.executeBecause(SkipUpToDateStep.java:75)
	at org.gradle.internal.execution.steps.SkipUpToDateStep.lambda$execute$2(SkipUpToDateStep.java:53)
	at org.gradle.internal.execution.steps.SkipUpToDateStep.execute(SkipUpToDateStep.java:53)
	at org.gradle.internal.execution.steps.SkipUpToDateStep.execute(SkipUpToDateStep.java:35)
	at org.gradle.internal.execution.steps.legacy.MarkSnapshottingInputsFinishedStep.execute(MarkSnapshottingInputsFinishedStep.java:37)
	at org.gradle.internal.execution.steps.legacy.MarkSnapshottingInputsFinishedStep.execute(MarkSnapshottingInputsFinishedStep.java:27)
	at org.gradle.internal.execution.steps.ResolveMutableCachingStateStep.executeDelegate(ResolveMutableCachingStateStep.java:70)
	at org.gradle.internal.execution.steps.ResolveMutableCachingStateStep.executeDelegate(ResolveMutableCachingStateStep.java:32)
	at org.gradle.internal.execution.steps.AbstractResolveCachingStateStep.execute(AbstractResolveCachingStateStep.java:69)
	at org.gradle.internal.execution.steps.AbstractResolveCachingStateStep.execute(AbstractResolveCachingStateStep.java:37)
	at org.gradle.internal.execution.steps.ResolveChangesStep.executeMutable(ResolveChangesStep.java:63)
	at org.gradle.internal.execution.steps.ResolveChangesStep.executeMutable(ResolveChangesStep.java:34)
	at org.gradle.internal.execution.steps.MutableStep.execute(MutableStep.java:26)
	at org.gradle.internal.execution.steps.ValidateStep$Mutable.executeDelegate(ValidateStep.java:79)
	at org.gradle.internal.execution.steps.ValidateStep$Mutable.executeDelegate(ValidateStep.java:65)
	at org.gradle.internal.execution.steps.ValidateStep.execute(ValidateStep.java:105)
	at org.gradle.internal.execution.steps.ValidateStep$Mutable.execute(ValidateStep.java:65)
	at org.gradle.internal.execution.steps.CaptureMutableStateBeforeExecutionStep.executeMutable(CaptureMutableStateBeforeExecutionStep.java:86)
	at org.gradle.internal.execution.steps.CaptureMutableStateBeforeExecutionStep.execute(CaptureMutableStateBeforeExecutionStep.java:65)
	at org.gradle.internal.execution.steps.CaptureMutableStateBeforeExecutionStep.execute(CaptureMutableStateBeforeExecutionStep.java:45)
	at org.gradle.internal.execution.steps.SkipEmptyMutableWorkStep.executeWithNonEmptySources(SkipEmptyMutableWorkStep.java:210)
	at org.gradle.internal.execution.steps.SkipEmptyMutableWorkStep.executeMutable(SkipEmptyMutableWorkStep.java:85)
	at org.gradle.internal.execution.steps.SkipEmptyMutableWorkStep.executeMutable(SkipEmptyMutableWorkStep.java:53)
	at org.gradle.internal.execution.steps.MutableStep.execute(MutableStep.java:26)
	at org.gradle.internal.execution.steps.legacy.MarkSnapshottingInputsStartedStep.execute(MarkSnapshottingInputsStartedStep.java:38)
	at org.gradle.internal.execution.steps.LoadPreviousExecutionStateStep.executeMutable(LoadPreviousExecutionStateStep.java:36)
	at org.gradle.internal.execution.steps.LoadPreviousExecutionStateStep.executeMutable(LoadPreviousExecutionStateStep.java:23)
	at org.gradle.internal.execution.steps.MutableStep.execute(MutableStep.java:26)
	at org.gradle.internal.execution.steps.HandleStaleOutputsStep.executeMutable(HandleStaleOutputsStep.java:77)
	at org.gradle.internal.execution.steps.HandleStaleOutputsStep.executeMutable(HandleStaleOutputsStep.java:43)
	at org.gradle.internal.execution.steps.MutableStep.execute(MutableStep.java:26)
	at org.gradle.internal.execution.steps.AssignMutableWorkspaceStep.lambda$executeMutable$0(AssignMutableWorkspaceStep.java:34)
	at org.gradle.api.internal.tasks.execution.TaskExecution$4.withWorkspace(TaskExecution.java:305)
	at org.gradle.internal.execution.steps.AssignMutableWorkspaceStep.executeMutable(AssignMutableWorkspaceStep.java:30)
	at org.gradle.internal.execution.steps.AssignMutableWorkspaceStep.executeMutable(AssignMutableWorkspaceStep.java:21)
	at org.gradle.internal.execution.steps.MutableStep.execute(MutableStep.java:26)
	at org.gradle.internal.execution.steps.ChoosePipelineStep.execute(ChoosePipelineStep.java:40)
	at org.gradle.internal.execution.steps.ChoosePipelineStep.execute(ChoosePipelineStep.java:23)
	at org.gradle.internal.execution.steps.ExecuteWorkBuildOperationFiringStep.lambda$execute$2(ExecuteWorkBuildOperationFiringStep.java:67)
	at org.gradle.internal.execution.steps.ExecuteWorkBuildOperationFiringStep.execute(ExecuteWorkBuildOperationFiringStep.java:67)
	at org.gradle.internal.execution.steps.ExecuteWorkBuildOperationFiringStep.execute(ExecuteWorkBuildOperationFiringStep.java:39)
	at org.gradle.internal.execution.steps.IdentityCacheStep.execute(IdentityCacheStep.java:46)
	at org.gradle.internal.execution.steps.IdentityCacheStep.execute(IdentityCacheStep.java:34)
	at org.gradle.internal.execution.steps.IdentifyStep.execute(IdentifyStep.java:56)
	at org.gradle.internal.execution.steps.IdentifyStep.execute(IdentifyStep.java:38)
	at org.gradle.internal.execution.impl.DefaultExecutionEngine$1.execute(DefaultExecutionEngine.java:68)
	at org.gradle.api.internal.tasks.execution.ExecuteActionsTaskExecuter.executeIfValid(ExecuteActionsTaskExecuter.java:132)
	... 61 more


Deprecated Gradle features were used in this build, making it incompatible with Gradle 10.

You can use '--warning-mode all' to show the individual deprecation warnings and determine if they come from your own scripts or plugins.

For more on this, please refer to https://docs.gradle.org/9.6.1/userguide/command_line_interface.html#sec:command_line_warnings in the Gradle documentation.

BUILD FAILED in 1m 52s
5 actionable tasks: 5 executed
exit=1
